,num_generations,mutation_rate,num_individuals,crossover_rate,mutation_type,crossover_type,local_search_rate,local_search_type,search_radius,threshold,dimensions,gg,selection_method,length_of_local_search,redo_local_search_rate,fitness_function,algorithm
0,1000000,0.06,200,0.5,Normal,Probabilistic_crossover,0.5,Uniform,0.05,0.0001,100,0.05,sorted_selection_part,1,0,5,Baseline
1,1000000,0.06,200,0.5,Normal,Probabilistic_crossover,0.5,Uniform,0.05,0.0001,100,0.05,sorted_selection_part,1,0,5,Lamarck
2,1000000,0.06,200,0.5,Normal,Probabilistic_crossover,0.5,Uniform,0.05,0.0001,100,0.05,sorted_selection_part,1,0,5,Baldwin
3,1000000,0.06,200,0.5,Normal,Probabilistic_crossover,0.5,Uniform,0.05,0.0001,100,0.05,sorted_selection_part,1,0,21,Baseline
4,1000000,0.06,200,0.5,Normal,Probabilistic_crossover,0.5,Uniform,0.05,0.0001,100,0.05,sorted_selection_part,1,0,21,Lamarck
5,1000000,0.06,200,0.5,Normal,Probabilistic_crossover,0.5,Uniform,0.05,0.0001,100,0.05,sorted_selection_part,1,0,21,Baldwin
6,1000000,0.03,200,0.5,Normal,Probabilistic_crossover,0.5,Uniform,0.05,0.0001,100,0.05,sorted_selection_part,1,0,5,Baseline
7,1000000,0.03,200,0.5,Normal,Probabilistic_crossover,0.5,Uniform,0.05,0.0001,100,0.05,sorted_selection_part,1,0,5,Lamarck
8,1000000,0.03,200,0.5,Normal,Probabilistic_crossover,0.5,Uniform,0.05,0.0001,100,0.05,sorted_selection_part,1,0,5,Baldwin
9,1000000,0.03,200,0.5,Normal,Probabilistic_crossover,0.5,Uniform,0.05,0.0001,100,0.05,sorted_selection_part,1,0,21,Baseline
10,1000000,0.03,200,0.5,Normal,Probabilistic_crossover,0.5,Uniform,0.05,0.0001,100,0.05,sorted_selection_part,1,0,21,Lamarck
11,1000000,0.03,200,0.5,Normal,Probabilistic_crossover,0.5,Uniform,0.05,0.0001,100,0.05,sorted_selection_part,1,0,21,Baldwin
12,1000000,0.06,100,0.6,Normal,Probabilistic_crossover,0.5,Uniform,0.05,0.0001,100,0.05,sorted_selection_part,1,0,5,Baseline
13,1000000,0.06,100,0.6,Normal,Probabilistic_crossover,0.5,Uniform,0.05,0.0001,100,0.05,sorted_selection_part,1,0,5,Lamarck
14,1000000,0.06,100,0.6,Normal,Probabilistic_crossover,0.5,Uniform,0.05,0.0001,100,0.05,sorted_selection_part,1,0,5,Baldwin
15,1000000,0.06,100,0.6,Normal,Probabilistic_crossover,0.5,Uniform,0.05,0.0001,100,0.05,sorted_selection_part,1,0,21,Baseline
16,1000000,0.06,100,0.6,Normal,Probabilistic_crossover,0.5,Uniform,0.05,0.0001,100,0.05,sorted_selection_part,1,0,21,Lamarck
17,1000000,0.06,100,0.6,Normal,Probabilistic_crossover,0.5,Uniform,0.05,0.0001,100,0.05,sorted_selection_part,1,0,21,Baldwin
18,1000000,0.06,200,0.6,Normal,Probabilistic_crossover,0.5,Uniform,0.05,0.0001,100,0.05,sorted_selection_part,1,0,5,Baseline
19,1000000,0.06,200,0.6,Normal,Probabilistic_crossover,0.5,Uniform,0.05,0.0001,100,0.05,sorted_selection_part,1,0,5,Lamarck
20,1000000,0.06,200,0.6,Normal,Probabilistic_crossover,0.5,Uniform,0.05,0.0001,100,0.05,sorted_selection_part,1,0,5,Baldwin
21,1000000,0.06,200,0.6,Normal,Probabilistic_crossover,0.5,Uniform,0.05,0.0001,100,0.05,sorted_selection_part,1,0,21,Baseline
22,1000000,0.06,200,0.6,Normal,Probabilistic_crossover,0.5,Uniform,0.05,0.0001,100,0.05,sorted_selection_part,1,0,21,Lamarck
23,1000000,0.06,200,0.6,Normal,Probabilistic_crossover,0.5,Uniform,0.05,0.0001,100,0.05,sorted_selection_part,1,0,21,Baldwin
24,1000000,0.06,100,0.7,Normal,Probabilistic_crossover,0.5,Uniform,0.05,0.0001,100,0.05,sorted_selection_part,1,0,5,Baseline
25,1000000,0.06,100,0.7,Normal,Probabilistic_crossover,0.5,Uniform,0.05,0.0001,100,0.05,sorted_selection_part,1,0,5,Lamarck
26,1000000,0.06,100,0.7,Normal,Probabilistic_crossover,0.5,Uniform,0.05,0.0001,100,0.05,sorted_selection_part,1,0,5,Baldwin
27,1000000,0.06,100,0.7,Normal,Probabilistic_crossover,0.5,Uniform,0.05,0.0001,100,0.05,sorted_selection_part,1,0,21,Baseline
28,1000000,0.06,100,0.7,Normal,Probabilistic_crossover,0.5,Uniform,0.05,0.0001,100,0.05,sorted_selection_part,1,0,21,Lamarck
29,1000000,0.06,100,0.7,Normal,Probabilistic_crossover,0.5,Uniform,0.05,0.0001,100,0.05,sorted_selection_part,1,0,21,Baldwin
