,,Combination1,Combination2,Combination3,Combination4,Combination5,Combination6,Combination7,Combination8,Combination9,Combination10,Combination11,Combination12,Combination13,Combination14,Combination15,Combination16,Combination17,Combination18,Combination19,Combination20,Combination21,Combination22,Combination23,Combination24,Combination25,Combination26,Combination27,Combination28,Combination29,Combination30,Combination31,Combination32,Combination33,Combination34,Combination35,Combination36,Combination37,Combination38,Combination39,Combination40,Combination41,Combination42,Combination43,Combination44,Combination45,Combination46,Combination47,Combination48,Combination49,Combination50,Combination51,Combination52,Combination53,Combination54,Combination55,Combination56,Combination57,Combination58,Combination59,Combination60,Combination61,Combination62,Combination63,Combination64,Combination65,Combination66,Combination67,Combination68,Combination69,Combination70,Combination71,Combination72,Combination73,Combination74,Combination75,Combination76,Combination77,Combination78,Combination79,Combination80,Combination81,Combination82,Combination83,Combination84,Combination85,Combination86,Combination87,Combination88,Combination89,Combination90,Combination91,Combination92,Combination93,Combination94,Combination95,Combination96,Combination97,Combination98,Combination99,Combination100
F3,Times1,2.4323879436374878e-06,2.3541131177383215e-07,8.070551241412308e-06,1.6006979369004399e-07,7.907364835271784e-06,1.4645297885997807e-05,2.0182934752603267e-05,6.887428244848408e-07,2.688104967918293e-12,8.11382449171042e-11,3.290080840057193e-11,5.5549405486700834e-08,1.1356308095287894e-08,5.510928896457966e-10,2.285741804319061e-08,1.4508914247859016e-08,2.0878021326906675e-08,8.820401877625981e-08,7.270665735504706e-08,1.183919705516072e-07,3.1016414105265955e-06,4.3322201688910334e-07,4.139508349619988e-07,1.0241369191412909e-06,2.654833973416496e-06,7.30885702373508e-06,7.284411282072628e-12,1.546240711599665e-11,1.3595524955587251e-11,6.179877489218374e-09,1.7852170541012103e-09,1.8695415850843262e-08,2.2268503590869581e-07,1.0357613902981573e-08,3.583264550701891e-08,2.3573622023496047e-08,6.652278553893176e-10,1.1785053157680532e-07,5.310302162188863e-08,1.8534170241513958e-07,1.3059853173906323e-07,3.2037798382443093e-06,5.898727479651378e-07,3.426755392685988e-07,4.199729528157685e-11,7.530327874786387e-12,8.717521802794805e-12,3.3478829625681563e-10,1.524034482385498e-09,6.869418732542286e-09,1.718415820476933e-07,1.0810597122615535e-07,1.7465860719643012e-07,1.9022131496824997e-08,4.742891778060094e-12,8.548790457801236e-09,4.7373711110683966e-07,2.2233689164615976e-07,3.120741879755063e-08,4.043509616280293e-06,1.6537310646368564e-05,1.3322496598423061e-07,8.214549073988928e-12,1.0499430878608299e-10,8.495631751087408e-13,5.328886213758348e-09,5.4870485463817044e-08,3.336341126525526e-09,4.878171694126867e-08,1.1519198816393342e-07,5.098905488535793e-09,2.136209559037296e-08,1.1480471810454702e-08,3.251033548908948e-07,1.891416085568519e-07,2.3036772300051012e-07,4.994293203055345e-07,9.996871400146235e-06,7.546930763839461e-07,4.902809041267371e-06,4.335404780621789e-11,5.902994815242418e-11,5.1339308653174054e-11,2.7164846697661605e-08,5.175917691385841e-09,2.7308860429672942e-08,3.640598776908997e-08,1.0218425661051211e-07,7.64652661931394e-08,4.2067386757362624e-07,3.318991805822406e-07,4.543697282733016e-07,1.4898692335034869e-08,5.423607423588073e-07,2.9132031735716717e-06,2.0013433992233826e-05,2.567166516669033e-06,1.6851500850634287e-05,1.467692043422547e-10,3.004622806545353e-11
F3,Times2,1.08025952623456e-06,4.915182851321308e-07,1.5311463310363813e-07,2.2961558632312707e-06,4.0945755282325356e-10,9.39922707268166e-06,4.3420020780219574e-05,3.608716479563347e-07,1.2344088718911104e-11,3.5652551829181058e-12,4.5253169335154937e-13,9.16239079520166e-09,5.106650800038779e-08,2.5645084448980805e-08,6.029307576912665e-08,1.5140840242720658e-08,4.582378563129652e-07,1.3262547948390452e-07,1.696085094629808e-07,8.79961760211626e-08,1.4287332870163557e-07,2.3804479050693415e-07,1.258591683538947e-07,1.0720893240593099e-05,4.114994970538583e-07,2.112927355067272e-06,1.8781965300125407e-11,1.7877729005286421e-12,4.2458480406577117e-13,2.7170475184371114e-08,4.168225958795638e-08,6.447383956836955e-09,4.830888119155232e-07,1.0201177503534775e-07,1.4057714139531603e-09,4.581581774291357e-08,5.3709344469982946e-08,6.592709622881671e-08,1.0120184262662941e-07,1.1950517943113838e-06,2.797795069294086e-09,3.530392579111681e-06,1.4782072337604506e-05,4.81533137018327e-06,1.5920420491185152e-11,3.6875906335515506e-13,9.621660605100028e-13,3.827073145331943e-09,8.074193211081793e-10,3.774643086618124e-08,6.85036248891232e-09,5.605401058714331e-10,1.962655100129462e-09,2.220690937083538e-08,1.2659689466941256e-08,3.511362268522438e-07,5.175114201157702e-07,1.4009900483305779e-08,1.047046482516503e-06,8.773315505324062e-07,3.0979219263835175e-07,4.449640980913343e-06,7.63887202496596e-12,2.3510267439240793e-11,5.801476843417832e-11,7.457408221233932e-08,8.568955146457371e-10,2.4296084832926488e-09,3.3772998229958996e-09,3.747555272229811e-09,8.957388081696642e-09,2.3987581005987225e-07,3.7943145424119754e-08,6.189112050377101e-08,4.865694004080627e-07,1.5629818973921226e-07,1.653977503201635e-06,3.1791621452624152e-06,3.074281047308286e-06,1.8993826874829372e-07,4.67049684175831e-11,1.824472593886648e-11,6.633170107401465e-11,1.239596443076634e-07,2.447012513349554e-08,2.9449572885666846e-08,2.602262825003861e-07,4.7103891858802987e-07,1.5625756510929772e-07,8.790608285440229e-08,1.3539246163183438e-07,1.5679065787301647e-07,1.4280626851300888e-06,6.113686485752391e-07,6.123793125017718e-07,1.2753577733739101e-06,3.672628351861712e-06,1.6893000153904053e-05,9.090183085484358e-12,3.7512876894774136e-11
F3,Times3,4.748284917742529e-08,6.70234081431131e-07,2.592828860670024e-06,1.9355870176285585e-06,9.102445099056475e-07,6.911980024041503e-07,2.272927920339035e-07,6.058294330599649e-06,4.869859401809655e-11,1.0105500891979029e-13,1.2514081260805915e-11,9.906182485673258e-09,1.4326463365962666e-09,9.995730811875082e-09,5.408606090018863e-08,7.854212739413407e-10,7.50006281386666e-09,2.2124941879808228e-08,2.13685788901566e-08,4.2835989370667624e-07,4.3409757526352317e-07,1.1860448357530306e-06,4.5591997139543105e-07,2.8530189080589893e-07,6.421036168955217e-08,5.13757304358357e-06,1.8197973385407654e-11,2.7026018192195965e-12,3.802848198062678e-14,9.9651328178834e-09,8.078918419749098e-10,1.360811743601128e-08,1.3001152515609647e-08,3.236205133753422e-08,6.001325990427783e-08,1.9036836561428137e-07,5.184578678058237e-08,2.7514985165335607e-07,1.4197802057285513e-06,8.737775721372293e-07,5.126310128979141e-07,2.0869834923490495e-07,4.507950150158056e-06,3.2844886279710254e-06,6.913531654615322e-13,5.472717050077651e-12,2.549265418111422e-13,5.395582118817443e-09,2.7152945145431978e-08,7.1468199063690516e-09,1.424093158240265e-08,8.973767471681816e-09,2.5689869506686187e-08,1.7219407161727926e-07,4.7311283290147745e-07,9.405726078720657e-08,1.2825401193136648e-07,1.1479022835091297e-06,7.287135082731766e-08,2.640849050734163e-06,2.4492678930999904e-06,3.7783048481633153e-06,1.9536584397549237e-12,1.037205876465484e-12,8.993048548251914e-12,6.265002209234976e-09,5.687356697316917e-09,2.009686383221378e-09,1.1087034163505524e-07,3.194452770453523e-08,5.460583850785907e-09,2.0208588156037563e-07,5.327702611403602e-08,1.7544919713313414e-08,2.1905581917850458e-07,1.2042449471814858e-07,4.648080065768033e-09,2.6853196791499734e-06,6.731096935976591e-07,1.4887886046696145e-06,2.545687423929954e-11,3.122781061904515e-12,5.4830610896814146e-11,7.293681968038871e-09,6.450377817999221e-08,7.321180085812451e-10,2.7053737289578116e-08,6.328805431968716e-08,4.683401139161349e-08,1.918293937306681e-08,1.0194632509363633e-10,7.456139562406865e-09,1.0463308088990573e-06,7.324887192223121e-07,1.729331059121045e-08,3.439034951910857e-06,2.293206459070602e-06,1.0512882055867794e-06,5.558229668248635e-11,2.7233676881092337e-11
F3,Times4,7.940425305542499e-07,2.0284316481321203e-07,9.706302417910229e-07,4.293778700570548e-06,7.485189429548024e-07,5.996739251603071e-06,1.5997198013401174e-05,0.00015598659279550446,1.3852112253509245e-11,2.877005241886828e-11,2.0735559451983458e-12,8.336218301167456e-09,3.6528805095655725e-09,3.5061620928743313e-09,2.275744475633665e-08,5.485459320956658e-08,7.546372269540088e-09,1.9639242454143354e-08,2.877130579225094e-07,2.2269297689176284e-07,1.42977784275027e-07,1.2875131504427653e-08,2.7714572392565075e-06,1.1841833752811502e-07,5.944473848769389e-07,1.7139420348445267e-05,4.1093175210912485e-11,9.49164123846764e-12,1.0974073265163663e-11,2.2592423526419106e-08,8.961366165753964e-10,1.8286389912692507e-08,1.9674752541855657e-07,1.656068274344471e-09,3.1192625769926453e-09,2.1015847051436445e-08,2.5654812946490808e-08,7.805525159483489e-08,3.615398289396095e-07,4.7682723624754924e-07,1.615133051203969e-07,2.9742899601808743e-07,3.97978477576471e-06,3.273389717315945e-07,3.8227113093590123e-11,3.0537940457173657e-11,4.555031218131637e-13,1.348684884350677e-09,1.5912045770935423e-08,5.3070308913876625e-09,2.0503673394871893e-09,1.0001300624789817e-08,4.36450448782608e-08,5.900939632899368e-08,1.6591642233111235e-08,3.2754698222012074e-08,9.048068996147601e-07,8.603655639754194e-08,2.3203679812196397e-07,1.2332821687310647e-05,1.7408695270630777e-06,4.6175903323631964e-06,1.418867317705852e-11,1.0553477857805437e-11,6.57245524393986e-12,1.4728014055088514e-09,7.2737200659499575e-09,5.302840551091879e-09,4.5194541884214854e-09,4.4529436862949975e-08,6.993683858649511e-09,1.1466322178327969e-08,2.8016911775887797e-07,3.55922220688829e-08,1.8249953436861639e-06,7.556111569529999e-07,1.7383154540036736e-07,4.894586442023018e-06,1.5720188894771016e-05,1.4769729561558883e-05,2.2849633393348556e-11,1.8598979011415643e-11,1.539803729483834e-11,7.943472294086304e-09,2.123492913244295e-09,2.212717680183461e-08,9.725283510639116e-09,1.607240655522861e-07,2.2605348945340363e-07,6.854954697687039e-07,3.8211443658082767e-07,1.04892108690881e-07,8.654241510656034e-08,3.109997166344667e-07,8.706221469727138e-07,1.99820288502803e-06,6.029398687749217e-06,6.879301858977069e-06,7.758850590179124e-11,4.2077232854427885e-12
F3,Times5,2.094034487453274e-09,1.2675206207796764e-07,9.664870353967448e-07,4.673069553525801e-07,8.900556779543778e-06,3.919654997994625e-05,2.3877481504480536e-05,1.3275394609584218e-05,4.017325262231676e-11,1.9529671562028843e-11,2.160771039172736e-12,4.219879651186964e-08,1.3089096355897104e-09,5.673612096507133e-09,2.278577512527474e-07,3.0328755101259094e-12,7.83590943646054e-09,5.923601557453133e-09,4.349600272226758e-08,1.4662711315431395e-10,4.910278582034824e-07,8.41871374953142e-07,7.636422794958757e-07,3.342352885469156e-06,2.5903840526383417e-08,2.2360106723763414e-06,6.783205418680972e-12,1.351770817094529e-11,1.1751161989935201e-11,6.04837385491288e-08,7.248939232244844e-08,8.115415021846267e-10,1.3102582880868026e-08,1.5429949187045767e-07,1.2596079517738934e-07,6.1317236165453e-07,1.9025062425083826e-07,1.1059671219825118e-08,1.2032909018472472e-06,1.1354551096759592e-08,3.695798438579169e-07,2.27733781870075e-06,4.551905439306867e-06,6.09326275672281e-11,1.7508408718469287e-11,3.9677334562524985e-13,1.7213202484372592e-11,2.2853440303510363e-09,3.5415278521450117e-09,5.265841628336238e-09,4.3521983618564274e-08,2.9228991811295724e-08,7.339412232100887e-08,1.1512712535978352e-07,1.493809566392164e-07,8.948827736131344e-08,5.857455447667061e-07,2.627986808555044e-06,1.0547145053370704e-07,5.244245465483928e-06,1.3536165218752793e-06,1.7926515922353068e-07,5.5629731612918163e-11,8.064235542670837e-11,1.4207950564123564e-11,2.7905167317515666e-09,1.1611981545645457e-09,6.718593402360424e-09,4.814021043459591e-09,1.732536920333024e-07,1.772875246055826e-08,4.056565261302561e-07,5.971090484308879e-12,2.9276811132380345e-08,4.1275570329430385e-07,1.8571948268588737e-06,6.210809862775717e-07,2.4830828407287397e-06,3.2872720748948794e-07,1.579956782642721e-05,8.119233822982283e-12,3.1767206439293475e-12,7.868042617448167e-14,4.877181516446632e-08,5.03995118224397e-09,4.685883634506256e-09,4.413369114058544e-09,1.7267151825689959e-07,1.0771641728076305e-07,1.0072340120538155e-07,2.1635364498924726e-06,8.769662221026845e-08,8.994179149340538e-07,3.647704218311203e-08,1.7950511595326981e-06,9.192086628717452e-06,1.4592331649406057e-05,1.3745704667922212e-06,2.193934395424685e-10,1.339855018905575e-10
F3,Times6,6.410688159444078e-07,2.8260073482829638e-08,9.922178874205532e-06,9.638012551387222e-07,8.614061182087163e-06,2.3140612646397006e-07,1.8888573756040016e-07,7.34132700507361e-07,5.357187014106895e-11,2.784071217449448e-12,8.057693334603098e-14,2.964770313574116e-09,9.547136527844224e-08,4.283545524626094e-08,9.234481524125703e-10,3.956320546783862e-09,6.302786354933992e-08,6.434416343641015e-08,3.0925750264061945e-11,3.661312560478533e-10,1.0494856401564888e-07,1.1377326271606655e-07,8.955521808611904e-08,1.591563815284991e-06,2.877556302028925e-06,8.279149185056387e-07,8.347212227204469e-11,7.977716599951794e-11,2.503756440400274e-14,4.830732231106617e-09,4.9945663624678875e-09,3.4978516172089913e-09,1.3557951906989972e-08,1.6481723853517847e-08,4.292900356868825e-08,3.7750948223799526e-08,2.2891112092689233e-08,2.009741213590694e-07,1.9194870162362731e-07,8.825815005367461e-07,9.780365620501164e-08,9.489542030984453e-07,3.207696221208711e-08,3.3576394286428345e-07,7.229144955390232e-14,4.386201843870708e-12,1.5647324172111205e-12,1.2287267655921797e-08,2.1848028951922983e-09,4.2854890263716795e-10,6.605549561250682e-08,1.7405736550902552e-08,3.503467823496754e-09,7.723514682915925e-08,1.066238910542236e-07,1.4059106100024631e-08,4.362128942775667e-07,2.123747195874538e-08,1.422707369278571e-08,1.229465463536231e-05,6.25219159145817e-07,3.0694413304052786e-07,9.706200127287698e-12,1.4026069996461816e-11,5.23894270351232e-11,6.268365235657847e-09,1.521675129172343e-08,4.0381299523299897e-10,2.4676103420653706e-11,4.18903730739528e-08,1.3669285839268624e-09,1.4952075037557743e-07,4.7693713982455603e-08,1.7071720090433504e-09,1.0791328218545056e-06,1.8166957112183946e-07,9.105063608102383e-09,6.421584392996002e-07,2.712752136959074e-06,1.2691174473607377e-05,6.204954029962339e-11,1.1721083371571566e-12,7.41740575640839e-11,1.0282566324278018e-08,2.1765816693818973e-08,1.919754651361198e-08,6.011552788018297e-07,9.61226149784433e-08,1.3308023093505056e-07,1.962461754626613e-07,5.6589793300579954e-08,2.317008279375826e-07,5.858213109148413e-07,1.26231771603802e-07,4.460172733018592e-07,8.712903551750417e-06,3.2303613753460136e-05,3.9624257766626594e-07,2.6088945006707403e-11,1.8574926187896458e-11
F3,Times7,1.558574886539051e-06,6.505365472673465e-07,5.017125853714575e-07,7.606486404880287e-08,2.724425382315786e-06,1.9567679580828996e-05,0.00018975459097581002,2.0600513157771222e-05,1.9094825637397422e-10,6.919539383521504e-11,2.448841458898534e-10,1.3875875669738365e-08,1.286044186191394e-09,1.0058889423327418e-08,4.768860051241058e-07,3.252536067626948e-08,1.3581381575892537e-10,4.2415904358830404e-08,2.2824324036801124e-08,1.0848898938899956e-07,1.5852355617405778e-07,1.783540945854496e-06,1.7340062270570202e-07,1.2871879183555789e-05,1.168779579833455e-05,1.3687019002395577e-06,2.7974082838294158e-11,4.2926376965245144e-11,4.042665458966046e-13,8.946070854730288e-08,4.6604686806670363e-08,2.3903562790199605e-09,1.32564221460771e-07,2.1658585105402e-08,1.277624126616869e-07,3.0430432821491436e-07,1.1902632183774752e-07,3.315043445314601e-08,3.526026680086063e-07,1.637109126493908e-06,1.2506848087428963e-07,9.275653021075343e-06,4.684278277759439e-06,1.9415608628142666e-06,6.913496819595759e-12,1.7493211003936935e-11,1.8646926063065695e-11,4.6287753894229393e-10,5.332819612721691e-09,3.295121983955912e-10,7.886118299682578e-08,3.7029095161261496e-07,4.805232091557954e-08,2.224321687591879e-07,1.3992335150880576e-07,2.27590987877849e-08,8.431022311037483e-07,2.5341584103696653e-07,8.685362377814206e-08,6.445321091505402e-07,6.468381595514342e-09,7.107847846065864e-06,6.765087792452096e-12,1.995120469883011e-11,5.504539799331643e-11,4.443500516400111e-09,1.5264846523086406e-08,1.8046312930955805e-08,1.8933033385055744e-08,4.31631284015274e-08,1.0603312922222825e-08,1.1488728951758037e-07,1.6048368439168605e-07,1.2590856381811575e-09,8.53949666513067e-08,1.4998293068194923e-06,8.91417947425224e-08,4.8476886294516485e-06,6.871483573459719e-07,1.590478306277392e-06,1.1131610850552516e-10,1.1357916792795024e-11,1.4355781565326436e-11,4.5237950280000295e-09,7.026005030862452e-08,1.0869516433935704e-08,1.0867996454108619e-07,9.108285508241564e-08,6.441981533238926e-08,4.0911339393490665e-07,5.041514106624592e-08,7.626406911723559e-08,1.1704118880008013e-06,3.6378485641983003e-06,1.4277670493799342e-06,1.1259559739380565e-05,2.0654133572917283e-07,6.643372727005548e-06,7.7679710805533e-11,2.732873015004093e-11
F3,Times8,4.341913749514905e-07,5.754779902281625e-09,4.0881240599934e-06,1.452628316783476e-07,2.8925138684331423e-07,1.2980650455526283e-05,1.7877475494294657e-06,3.390250326720785e-06,3.946779901086683e-12,1.2015640104128384e-12,5.3913997422715e-12,1.2607524088249525e-08,1.999368631538237e-08,4.403191769940514e-12,1.1995792445383159e-08,5.3940949913333095e-08,3.491496164889907e-09,8.081671462896528e-10,1.858239597819911e-08,1.645698226439234e-08,5.834501912363447e-07,1.4622237652840402e-07,4.6543802392736846e-07,1.754220074346056e-06,2.397426050757666e-06,6.031812438019337e-07,3.5751172225137206e-10,1.2161711134449964e-10,1.1777821458247386e-16,1.8988825769361997e-08,5.328728628347544e-09,2.264610648567154e-09,1.0018947568000775e-07,9.272235906225779e-08,3.6649056338609134e-08,6.402604801519067e-08,5.608285243337306e-08,3.8332206716481054e-07,7.370176027277157e-08,3.7952322552563556e-07,2.765965357482891e-07,3.243736359048975e-06,2.5640836972841027e-06,9.93626612921506e-07,3.239852643000059e-12,1.711313476941972e-10,7.629250353203157e-12,5.214881704989621e-09,2.1448580861123136e-08,7.490620489866147e-11,4.351053140010446e-09,4.054096357747982e-08,7.099551770695289e-08,6.768514263786296e-08,2.7214158607174177e-07,1.2373260394768415e-07,2.1104159419196578e-07,3.6385986838634446e-07,1.733940206560016e-08,4.099208550587856e-08,2.2076369480222516e-06,3.6382324099346453e-06,5.159847370589963e-11,2.1405036129749778e-11,3.696272264658333e-11,3.123549071399595e-08,2.2052827999566844e-09,5.523548901331326e-10,6.301253591302266e-09,1.2579626982580267e-07,7.774669483634702e-09,6.209401533064785e-08,6.236205157360341e-09,1.028781524626316e-08,4.6974672866830097e-07,9.094627913585387e-08,7.466873118972197e-08,2.35065396215054e-06,6.354452609379835e-06,7.73638511042742e-07,7.329147296302118e-12,1.2158559931302638e-10,1.1816847030171613e-11,3.5618161744394847e-09,1.0663008999076194e-08,1.9563825385526013e-08,5.050200522748672e-08,7.175455708389176e-08,5.423256811777292e-10,6.04948480841448e-07,1.5988250998129246e-07,2.3079848427922513e-07,2.157584651443011e-07,3.8277683046202723e-07,1.8294232793540725e-08,2.0030129929768675e-05,1.4743585256426655e-07,2.43058086794674e-06,2.551926039200459e-10,8.006513167623418e-12
F3,Times9,5.2848404255234e-07,2.117880785903482e-08,3.499091086924979e-07,3.0217723152527577e-07,2.680252940118168e-07,5.316309495761492e-06,1.4609419291449055e-05,5.917049244945366e-05,4.080156316417901e-12,8.107078423044278e-12,1.839972308927902e-11,1.7039104460671085e-09,2.164545244684129e-09,2.0086359871736617e-08,1.8372861088428813e-07,1.9895329897997553e-08,2.9664969288324927e-09,7.164171320422667e-07,3.018141030711387e-07,9.804116745382926e-08,3.1210341184704317e-06,8.489618136647626e-07,2.2296027829241172e-07,3.1837699764392724e-06,1.7003460256154445e-07,1.860565517005503e-06,5.961961936725537e-11,2.5065647952924446e-13,3.005288858026887e-11,7.603054140117157e-10,4.2090476403819675e-09,2.19051495825168e-08,2.4565753636149362e-08,3.339438559430552e-08,5.4080038805822714e-08,1.6832741820795975e-08,3.2056969332981294e-07,1.0784927663570128e-07,3.593700466615292e-06,3.490912936128544e-07,6.615615995442035e-06,3.7293710326298274e-07,1.7316528878210644e-05,6.92044789277992e-07,1.518597451796565e-12,2.8979170874498968e-11,7.917472494415437e-12,1.4120035233539472e-09,3.0549995994605366e-09,6.11323969342608e-09,5.709093741288248e-09,1.6108470972741185e-08,1.0585153190900989e-09,1.2039985232210668e-07,4.2958584995837857e-08,4.3546623974071096e-08,3.223738316376829e-07,3.546458440162378e-08,2.1215603737622286e-08,1.1735784209570456e-05,7.454266325440257e-07,6.08706972389414e-07,9.702549283656782e-11,7.534985703701948e-12,1.8394833946713446e-12,3.785066480329874e-08,2.015257482554356e-08,3.399031323906846e-10,3.798197092048057e-08,9.625142946145914e-09,6.282481565515779e-08,6.603719030987644e-08,1.7144368041570541e-07,2.026063600103585e-07,8.569507044304068e-07,5.049672651925577e-08,1.1828403004773482e-07,1.0536373937340247e-06,3.6369272873157614e-06,3.135023165909138e-06,3.2070301245238487e-11,1.1501597218096422e-10,5.118020284360927e-13,8.800597689018512e-09,1.8592843586107935e-08,2.535430983101993e-07,5.318972797207226e-08,3.878397864351746e-07,6.622090827705837e-08,1.7467025388878355e-07,1.04852718331769e-07,2.291857008717314e-07,9.780714486811258e-08,4.5750739292547725e-06,6.659232245483062e-07,1.960355844721194e-06,1.4792154333048982e-05,2.468248535351819e-05,6.284144085488962e-11,9.902348666337025e-12
F3,Times10,1.6241725789941463e-07,5.128981804530144e-07,2.5982476286051683e-07,1.799899986242338e-06,2.0637631483630394e-06,2.261573994427234e-06,5.118946627878015e-07,6.578372299559192e-07,3.9077545160379445e-11,9.89846564565408e-12,7.814151305063299e-12,6.948162637034696e-10,2.3543654731448737e-10,1.2164834882930305e-08,1.7294112321419276e-08,9.906953910180616e-09,5.1712883649099485e-09,1.403192846289556e-07,3.175867520394297e-08,2.1634850466784625e-09,1.764974522234395e-07,1.915734727071678e-08,1.2985678411639038e-07,3.3589090757111563e-06,1.3701174510035914e-05,2.2251612230857087e-06,6.967849436737581e-11,6.76716658152413e-11,1.5543330127490072e-10,1.4982138745598751e-09,1.6644874146141967e-10,3.350760152308676e-10,2.7050934379484754e-08,6.159438119475152e-08,1.3449963833258135e-08,9.189911406534667e-08,2.1362333387980768e-08,1.4647554199734588e-07,2.0400085852213683e-06,6.572069300224884e-07,6.924801846352535e-08,5.563510881065576e-05,8.279281432957546e-08,1.7547592128050105e-08,1.0724432240877885e-11,7.129594904903723e-12,2.6181592111333798e-11,2.352828849245553e-08,7.866972460810055e-09,5.109179726451564e-09,3.529514764120854e-08,1.705769351326998e-08,2.3344100553204837e-08,1.7458499023982117e-07,2.55112507454438e-07,3.69435600648513e-08,4.737788969855982e-08,2.580384101700807e-08,1.2531351255883484e-06,1.580084533391777e-06,1.6203057700899855e-05,1.099851604095344e-05,4.814791147168457e-12,1.750262205698005e-12,5.990987307798246e-12,1.404164015419352e-09,3.088264128659292e-11,7.116906127902104e-09,9.13435992323617e-09,1.4669717455134283e-09,3.892642536169913e-08,2.2181464264585797e-08,1.5538728916750905e-07,3.559029117591538e-07,3.2516958028035016e-08,1.309562942765628e-06,7.090549044184008e-08,8.038276291182268e-06,1.5765599018262281e-06,7.280790459228292e-06,5.368504659821887e-13,2.3658681007531657e-11,1.2962112391451406e-11,6.263666926234126e-09,2.098637775730374e-08,3.365920973564773e-08,6.795214021069405e-08,1.3522638196457642e-08,9.018829192077811e-08,1.1815158582301098e-07,1.016852083991737e-06,2.6616178103295355e-07,8.118814495063624e-08,1.6024242683464014e-07,5.70180247379682e-07,7.690567641370986e-06,1.3964870770785117e-05,1.0223678517784498e-05,2.0579925252915995e-11,2.001236598848566e-11
F6,Times1,2.306429933973979e-10,1.3108154652031153e-08,4.963072406664164e-08,6.002724059733565e-08,2.3891108979743107e-10,1.7768613471975386e-06,1.1945769132852262e-06,1.6157387884162226e-07,8.351429256142568e-14,1.0170545187564336e-12,3.2128628784816086e-13,6.805230914495698e-12,5.541419923015392e-11,8.356991454847775e-10,4.057279026290469e-09,1.1048125332261873e-09,1.9801884471015677e-09,1.0477705664418438e-09,1.5427194060374714e-09,4.895224252205675e-09,1.7044814976493462e-09,3.762898027354345e-09,1.084972218969604e-09,2.050499978457098e-08,4.579976320533374e-08,4.090043666173583e-09,4.579684991038638e-13,1.0712322239002211e-12,4.565115408632449e-20,6.760266799882306e-11,5.931714988744239e-10,1.2457983108205255e-10,9.048741132589912e-10,1.6407655888600069e-09,3.88368325085911e-10,1.2659932723407493e-09,1.93173928687294e-09,1.3321629057528989e-09,1.688039121054066e-08,3.422855144434552e-08,1.92803176209623e-08,4.695558040198973e-09,3.8027910823963087e-07,7.148541081671002e-10,8.321470911730039e-13,1.055047742161242e-12,8.047185239520064e-13,1.7042477005859698e-10,4.994767828188682e-11,2.776349763204398e-10,4.263863249133089e-10,1.633606053827208e-10,4.1032240812548504e-10,3.0051308842368765e-10,7.504850858686921e-10,5.827263445030473e-12,4.265983235025699e-09,1.1772205052633721e-08,1.975607233338304e-09,1.8448218951768913e-08,8.845084741111832e-09,2.0257388421471737e-07,4.389701978370366e-14,1.7410997510660175e-13,1.0011254068530345e-13,1.270936999179164e-10,1.3284817854955732e-10,1.5924024232386518e-10,8.014835923031152e-10,6.274589165979162e-11,4.09963190981838e-10,9.158219694712639e-11,1.743094567491032e-09,1.4748670292090372e-09,2.171809671218221e-09,7.581588737303289e-09,6.560218308814469e-09,2.2055426829341458e-08,4.65460942917327e-08,3.641946827078938e-11,1.2983060331412076e-13,1.0423091231386218e-13,1.607451597671129e-12,1.8534027774872362e-10,4.6070273075856736e-10,4.093389974981118e-10,2.430126035294603e-09,3.8060228035780393e-11,3.227345108434443e-10,6.747020828474355e-09,6.627521400499928e-10,7.694568223268148e-10,2.227263003302499e-09,1.7985759012102442e-08,2.8526526383615014e-08,8.331798195572027e-08,1.9120584518271183e-08,2.273289054279366e-09,3.301921627359285e-13,4.2375176478925107e-13
F6,Times2,7.422391388652932e-09,1.4545960504845125e-08,7.206359251159515e-08,1.1031776528035248e-10,2.9976186006298897e-07,5.054571949304661e-07,5.6947478631455406e-08,1.0581491852733356e-07,7.493317751797793e-13,9.51540549701763e-13,5.992536734072493e-15,2.662634613873967e-12,5.876770491380959e-10,4.321003540653674e-10,2.6255774598119146e-09,3.6865153766828085e-11,1.472375322493759e-09,3.3234337640341757e-09,1.1235446590393787e-10,1.8432802515975932e-09,9.870410506837808e-09,6.5421639394791685e-09,2.416626597595201e-09,1.3246752326133666e-10,1.7362520385895177e-10,6.911690526957911e-09,1.4734895247374256e-12,3.459638589148439e-13,3.333571591384627e-14,3.8155844703569455e-11,2.0332958613735773e-10,4.067409749242543e-11,1.4702079413457221e-09,1.239165063639212e-09,1.836287368013058e-11,3.4528265772471963e-09,2.7520893479288282e-09,2.4962317882624836e-09,5.766620866428143e-08,1.0258857883298961e-08,3.398223551079664e-10,6.455722130477628e-08,2.1815192434786602e-07,3.6080075952521893e-07,3.087477593872279e-13,1.493656775836942e-13,2.997072526519375e-15,8.425695780313436e-12,6.786683328924533e-11,5.777475880830862e-12,2.5329494401564033e-09,1.217934610940785e-10,4.3667700556479896e-11,2.8735033762467997e-09,3.190096714668049e-10,1.8024588244651828e-10,1.4332663228188995e-08,5.614630243036502e-13,3.828831159542375e-13,4.602286561588455e-09,2.474934899383648e-08,4.289856041964685e-10,3.536088014519482e-14,9.148336135932361e-15,7.107849473457396e-13,8.94503427122078e-11,7.266503380673505e-11,5.365988757232074e-12,6.068122375551949e-11,1.3531533883767406e-12,7.374877496763664e-10,5.529660894493125e-09,3.961457236541484e-11,3.6195128106340333e-10,4.233113950903299e-09,2.405632018306553e-09,2.039490563135446e-10,3.902521101910687e-08,8.432421329101646e-09,2.196429755469923e-08,1.405776106416327e-12,6.293195937165718e-13,2.84481835689747e-13,2.4479831689735444e-10,1.0107707045301833e-10,2.9910077749778613e-12,2.182039815240915e-09,9.35140235922482e-10,8.131082933897234e-10,1.2517316641161518e-09,4.5577442269817115e-09,4.473624225611808e-09,1.2257283207157276e-08,5.14554610301284e-09,1.2098803127426357e-09,5.846954838170849e-07,8.052329501923412e-08,2.4625624143809145e-08,5.753182579736876e-12,3.69567663143143e-13
F6,Times3,1.8421237089295834e-10,1.0760272933226685e-09,1.8560489266859578e-09,5.3269612855514456e-09,9.829460098593998e-11,7.128855927996703e-08,5.5489659210451844e-08,6.069968628927168e-07,1.3169467376141304e-13,4.823576772708644e-14,3.625774210540285e-13,7.282660241375051e-11,2.089434705080188e-11,2.1144472332699798e-10,1.0144324802765627e-09,2.2036047747101185e-10,3.8831396652403314e-10,8.551918121146756e-09,8.668041763222732e-19,3.8939799885011676e-11,6.770568091380475e-10,1.4334173543075794e-10,5.340860252005211e-10,1.5839116667360217e-08,5.739926437216133e-08,1.787764427421117e-07,4.56418058319127e-13,3.585542563696238e-13,3.02548725408609e-13,5.32669485205336e-10,5.784972608079907e-12,1.837873651436916e-10,1.430332885967638e-10,2.2450450144830124e-13,1.2275061049354586e-09,1.766960508135786e-09,1.2760511622930924e-10,1.10269625152114e-10,8.658733058447607e-11,2.845987086426299e-09,1.6669959742288893e-08,3.7024906340922563e-09,5.4321320860952534e-08,4.443172535959763e-09,6.972545375712021e-14,3.3593514985159076e-13,7.032679924167719e-13,2.647324812703e-10,3.7132351023034975e-11,1.5641602796293587e-10,2.6226019976522933e-10,8.310077022012706e-11,3.1462647110143107e-10,1.0972672855087875e-09,2.183748064272741e-11,1.9088260124148997e-09,1.0281543897876992e-08,3.782294584016175e-09,1.2164624605504903e-10,1.787650802424281e-08,5.1599704613548657e-08,3.0982503099367993e-09,7.82760590028129e-14,9.508781848268375e-14,9.168184703147578e-13,2.829619605528738e-10,1.0423477519655461e-10,9.205631259635825e-11,4.287761914558199e-10,1.2069331835250802e-09,8.596716611366735e-11,4.93107610665526e-10,8.314201762130204e-10,3.736881672366827e-11,2.3432626757633542e-08,2.170066134686903e-09,4.50436510351971e-09,1.0327839377695339e-07,7.053677122298688e-08,3.434485448734084e-09,1.5435161939022423e-13,8.923601765212498e-14,9.215609753569301e-14,2.623173509850844e-11,3.266101827755688e-10,9.87946301505228e-10,7.198095793141987e-09,3.8178088749177335e-10,6.046111861515767e-11,1.435476724643183e-09,8.465844871356226e-10,4.801413883500578e-09,7.363513066217896e-09,7.236691732194332e-08,9.258694956207625e-09,8.764671974509677e-08,5.3668964506530914e-08,1.501858254324819e-08,2.5181233061031216e-13,3.428595934694596e-13
F6,Times4,7.93345485763107e-10,2.2262811540311413e-09,2.7904329249923085e-08,1.3702475102168467e-07,4.733877761471289e-09,1.9286181007288306e-09,3.9743329556774275e-07,3.4200476555737354e-09,1.8989093420752621e-13,3.821356416436316e-13,1.5267486259018808e-13,4.3079623331890915e-11,4.879416955925377e-10,4.062240813473038e-11,2.8584740704413493e-11,8.210220307505522e-11,5.305856005406041e-10,4.5219811659315677e-10,5.274857997712534e-09,1.6852150500843645e-10,8.197722651567911e-09,9.513324689341427e-10,1.1814753288349978e-08,1.829553002068423e-06,4.124555833212505e-10,4.638254510891383e-08,7.154840426933924e-13,1.2260910010785804e-12,4.8709978772663577e-14,3.2131522431613097e-10,9.737202652221748e-11,4.172254635230017e-11,4.6139912635467755e-09,1.7532420846991562e-09,2.8736630970626274e-09,9.426250594126093e-13,1.521956811271623e-09,1.6060889187467266e-08,4.87505705640807e-09,6.109353667222436e-09,2.0904338156070613e-08,4.068969917192873e-09,7.952875186453827e-09,5.748929998247654e-08,6.03027187955294e-14,7.905083477216732e-14,1.7764159196522265e-13,7.050485969885453e-13,2.1426109379028515e-10,5.358446200182517e-11,2.360404259639905e-10,1.6113189971589078e-10,3.412223492927984e-10,3.336786435571041e-09,4.845494058833559e-09,3.6581275469081532e-09,3.2651740525341582e-09,1.9786662949720848e-08,4.665078026458819e-09,2.7269148078048082e-08,3.5726837921920905e-09,2.5735827114340578e-08,4.149824703814394e-14,8.38094907672096e-14,2.2438722927038463e-14,2.4628026481566653e-11,2.468173758664348e-10,1.070541785241698e-10,4.465261743681585e-12,5.06619233539868e-10,7.625458572767333e-10,4.48266019700391e-09,1.904816684805239e-09,2.5047627305771344e-10,6.266305868418075e-10,2.890757578284249e-09,2.079187010282717e-10,3.3246597358136906e-08,2.898397901073819e-08,5.081906809114166e-11,8.265876219960338e-13,2.6095644482096756e-13,6.899997857879786e-13,5.352459025073839e-10,6.521025395566307e-12,1.5851471537186985e-11,3.4924272759686087e-09,2.909687072313422e-10,1.9781687148939167e-10,1.3943061580597424e-09,3.3043564527650444e-09,5.731933441289067e-10,9.116293666054575e-09,1.4225579615811024e-08,7.324016931358993e-08,6.84527267220237e-08,2.22174542511756e-06,5.8321277591125926e-08,1.1412808935602911e-14,7.918316116275785e-14
F6,Times5,7.698128279233827e-11,3.591704958935806e-09,1.3041789007281126e-08,6.45879082173101e-08,2.0012749061231155e-10,2.7731053068053735e-07,3.7362953810510595e-07,3.3881572821860056e-08,2.6199764882657387e-13,5.871559097888257e-14,2.4354887337276667e-13,4.3191340283323764e-10,1.4403035308021042e-10,2.7077199275565286e-10,1.0971589605932961e-10,2.0593785170865785e-09,1.6747088909227782e-09,6.529254944662009e-09,3.5845478285821663e-12,7.46235494500284e-09,4.029080297712597e-09,6.210923102291286e-10,5.455583560724325e-09,1.5544306332725978e-08,3.918388154419231e-08,3.5771748106249914e-07,5.466900881183739e-13,1.619906140691515e-14,2.7125609073697913e-13,9.341261997927002e-11,1.4157702453047827e-11,2.93388548763369e-10,2.6497208913466214e-10,1.4276868639664768e-10,6.00636783512326e-10,9.962960336288386e-09,5.362981969718979e-11,7.596055491705657e-13,1.6949393226058447e-11,2.103434217752142e-08,5.756155666680843e-09,7.474346327662816e-08,2.391463884486507e-07,1.3326939616618284e-07,1.301484753636122e-13,2.7202368180493e-14,4.845244458854997e-15,1.6060772149761487e-10,1.7918056616260246e-10,3.278005811308431e-11,2.965976335214922e-10,4.252325697723002e-10,1.6352862773807588e-10,3.869960465565712e-11,4.489465476321648e-10,3.606074120216363e-09,1.00244502269841e-08,2.822418694079901e-09,1.483269538435132e-09,1.1497335149907818e-08,6.824927737174422e-08,2.8270135452046626e-08,1.9212644397839053e-14,7.334305575757938e-13,8.652783589835116e-15,6.863684305789914e-11,4.18711011138559e-11,9.799187060398013e-12,6.37051627752731e-11,1.3106811016336687e-09,3.591067113714895e-11,2.2481567227427027e-09,2.4466920297427833e-09,1.7642036034413769e-10,5.911318494021785e-10,2.9355071737989036e-08,1.2822098003341432e-10,1.3052264612040123e-08,2.6432373912618893e-10,7.85159037332356e-09,7.495957471115846e-14,5.202607761913086e-13,6.937199503002012e-13,2.9580866356008006e-10,7.457706400686244e-10,3.6163569736520813e-12,1.2330208221523458e-11,5.026509624382277e-12,2.7604571834949494e-09,9.649402596080544e-10,1.4317263747693936e-10,1.2049205449578644e-10,2.115964612754954e-09,6.768276700087833e-09,3.8149076661599833e-10,2.971154500132505e-08,9.164193336886024e-10,2.1294728450819435e-08,9.29665602294732e-13,2.8157623750059075e-13
F6,Times6,4.070554796402549e-09,6.817285932551869e-09,7.976766896865068e-08,5.24312976019596e-08,3.0548786333651978e-09,1.0293390522652413e-07,6.364715719805799e-07,2.597320750280651e-08,2.0566140631229533e-13,3.1633175937035537e-13,1.6997541124776283e-13,7.600328224840772e-11,4.008996683351879e-14,1.2229441316064957e-10,5.037249208686496e-11,2.9651405377057894e-10,6.566539872005676e-10,7.89392567280066e-09,2.0321107615548658e-08,1.1726181098277664e-10,1.2953976068376398e-08,3.0839596084986326e-11,3.0152669785820167e-09,5.0714380448071524e-08,2.3816962409438272e-11,2.6294367883413805e-08,3.7865773295344376e-12,4.199964012724117e-14,4.937503764138579e-13,2.414644710424367e-10,7.0216134683030374e-15,6.469945796729494e-11,2.201456956983585e-09,2.516706696368385e-10,1.3078401070072758e-09,1.571141490142703e-09,6.497471970234712e-10,1.1394778541422037e-09,1.3767545423213016e-09,6.20768496580662e-10,8.388377575928061e-10,2.6095853705967735e-07,7.391236790662818e-10,1.140011593729739e-08,6.449469984678055e-15,4.4331386460112324e-13,5.286451977901786e-14,6.587462102759036e-11,4.679251358784354e-10,3.108717154666069e-11,1.9894358785295152e-10,9.181574325974636e-11,9.219039878707849e-11,9.413084448741332e-10,4.977365341252416e-11,2.297021531439603e-10,2.0378728761288556e-10,1.7070595753372767e-08,8.698844400566629e-11,4.0283571364093067e-08,3.877750131614632e-08,7.567220946632397e-08,2.807234801770974e-13,1.4265134388366085e-13,3.875030965705073e-13,1.4036204989572502e-10,1.2859887211594944e-11,1.4270436318294653e-11,1.16898178984061e-09,2.353391572302072e-10,1.3067980915862808e-10,2.2663887137714055e-10,6.436726671595769e-10,9.476263238224696e-10,3.789559669774398e-10,1.1082595901906495e-09,1.1948360355266737e-08,3.198359167725965e-08,9.171168214481326e-10,8.02047245705094e-08,3.851923230945147e-13,5.319883820326078e-12,4.1923942235746926e-14,2.492454355885289e-12,3.255003043379838e-10,5.619954408000628e-10,2.2679753823567497e-10,1.2594615436373536e-09,6.128740184620033e-11,6.283939285941389e-09,2.712140519235731e-11,1.2003003056791065e-09,3.861662726299248e-08,2.997121899526701e-08,5.503470466079188e-08,1.1797937517769454e-07,1.781671881947496e-08,4.550235433840365e-09,1.2492583137151416e-14,4.422650890887246e-13
F6,Times7,1.0723412423532153e-09,1.1957123784696801e-09,1.327317873441355e-09,5.631276426412648e-09,4.564958121472984e-09,2.4726649222879376e-07,5.429930144430747e-08,1.0786298424100249e-08,1.3733763511060262e-13,1.4330435586614148e-12,1.2552524963139398e-13,2.397344325617953e-10,1.2939438981312408e-09,5.1279199310534674e-12,7.107697413249596e-10,5.301761091730767e-10,1.8348593467049697e-09,1.7422940273038531e-09,7.312411763903635e-09,2.9837716492654956e-10,2.4597141498586245e-08,1.9136858206308896e-09,5.617392881597111e-10,4.753664640718849e-08,1.4264753256515512e-07,2.1658169917558503e-07,3.477512252369163e-14,1.1151805409120518e-12,5.3863497311319234e-14,9.45779421412872e-10,1.7247458408500236e-10,2.382064057625812e-10,1.3382499149662805e-09,6.333964568120803e-10,2.4516251049110294e-09,1.4246710703245093e-08,1.8635829163884915e-09,5.057391544130693e-10,5.147861855401519e-10,4.317427461372986e-10,1.2405750916579794e-08,4.997226284886518e-08,2.871085970995883e-09,9.353068270672279e-08,7.673611575109477e-14,9.353167053524787e-15,2.9112429675973725e-15,6.296195152762048e-11,7.497112855124157e-11,1.1968612107522468e-12,6.7373637997475e-11,2.628834455265655e-09,6.204991180303195e-10,5.23005394680742e-09,1.1471749187374296e-09,4.147776989018411e-10,2.9550165705421844e-09,4.928048873016262e-08,1.858764873256791e-09,9.635054349878895e-08,1.1490836280121237e-07,5.530594504020855e-10,1.4024518005406564e-13,3.159165133084159e-13,9.991650494764597e-13,6.91957249866311e-11,7.31604840513566e-11,1.2593898844844888e-10,3.803705156605258e-10,1.6032760791392575e-10,1.0377114724003352e-10,3.815431949053446e-10,4.794796302269281e-11,2.687723147356478e-09,6.930095431313521e-09,1.193867063043411e-08,5.821297909967203e-10,1.0495517322088325e-07,7.497442855053427e-09,7.960269526076627e-08,1.241294046542216e-13,8.46334243015384e-13,4.729231583940704e-13,3.933073922978553e-10,7.197354832041791e-10,1.508293887541731e-11,1.1042044615336683e-09,1.8471726293177303e-09,5.337727871683508e-10,1.133765131676597e-09,2.889191682450661e-10,5.187548531078599e-09,3.1133120333958784e-09,1.4597321687043243e-15,2.77546335520212e-08,2.4811425166524807e-08,1.222018789700148e-07,3.716597539715357e-08,1.1382434732078203e-12,3.218538017669356e-14
F6,Times8,8.490628623258425e-09,1.0068433840320423e-08,1.3251504132593928e-08,5.1025701843748925e-08,1.4880879859629407e-07,7.649353458167451e-07,1.4439587012756615e-07,2.721214258792878e-08,9.074015589371129e-14,4.104307191127827e-12,2.277135659971626e-13,3.170318483647685e-10,5.610598466579193e-13,5.926205548855548e-11,1.1621613013754831e-10,2.487944231783147e-10,2.0722565846194212e-10,8.196478968149217e-10,1.314918351433289e-09,9.757615790476334e-10,3.0733488572821805e-09,4.5392406671200067e-11,2.0659120399476076e-08,3.3808206560479935e-08,1.2190927997545232e-07,5.363448197539785e-08,1.1963249326741942e-13,2.5855055693296953e-13,2.980018975478937e-13,1.7804823455551638e-10,3.944943129878406e-12,4.109109724848735e-11,2.1967403493158494e-10,3.864604105638733e-10,1.0792553457780706e-09,3.5122953003229945e-10,6.64595585199071e-10,2.81208532025172e-10,2.9699117288910314e-09,8.524411813244422e-09,7.392101265360132e-09,1.4033161375743805e-07,7.1670749497045986e-09,6.765283858222833e-08,8.39444939050716e-13,3.115437741914386e-14,5.403933655824482e-13,2.616443970675548e-10,2.2446592414476633e-10,2.1867466972140062e-14,2.506472503114774e-10,7.838041437629296e-10,7.969633954034344e-12,9.023942548699172e-11,3.7975632344022554e-10,5.29990457161791e-10,3.2007515628856358e-09,1.616775237162805e-08,5.132636108269078e-09,1.2554327200036553e-07,3.583089936124915e-08,2.7379270360216955e-10,1.395624383479446e-13,1.7569277839331994e-13,7.411148845585695e-15,1.579847043493143e-10,1.6310812904326023e-11,9.362825414967177e-14,2.214857790132668e-10,2.322605170322323e-09,8.32871944115086e-10,1.4338880776827408e-09,6.043149075094899e-10,1.3848614478396521e-09,8.565856913882276e-09,6.440891889955802e-09,3.507036410922645e-10,7.890247444795507e-09,1.3489889130673849e-08,3.8057633996127536e-08,6.534845893507799e-13,4.707212402884073e-13,3.33592231696983e-14,8.545646885549045e-11,2.815446642331277e-12,3.1385328634860287e-10,1.2022883940458854e-09,5.084179853944143e-10,2.589313574572903e-10,5.755648363506937e-10,6.033315859342148e-09,2.037806148746448e-09,2.3857840270874595e-08,2.1951529776772665e-08,3.7135611880502906e-08,9.114979490041466e-09,6.906665453519865e-08,1.2825324358287906e-07,1.7170842008657229e-13,1.1108258180687033e-12
F6,Times9,2.2319483008054375e-08,2.1304863384654174e-09,1.5476489988166976e-08,1.0643356623600977e-07,7.521067836735125e-08,7.373989113376899e-08,8.428062534753423e-07,6.118308477325948e-07,8.750454126238907e-13,2.3729612833789545e-13,3.3320907829376017e-13,6.414524840323332e-11,6.447233643340972e-11,2.268211816793044e-11,7.1538796334867e-11,9.973648048447398e-11,1.6520514169196764e-09,6.022590371804645e-10,1.5328954425796974e-12,9.751514581456506e-09,4.87918173402224e-10,5.318953674251561e-10,1.5950923316410064e-08,7.195666307690543e-09,1.0644510208034762e-08,1.47510908373353e-09,2.4145300622133746e-14,1.5302347768389786e-13,3.349015069974438e-15,1.6611687426504755e-10,1.6139084967775372e-09,9.44489950939142e-11,4.154630010434008e-09,5.7918813647964054e-11,1.0218164024895975e-09,7.311023774630009e-09,6.179597469995678e-11,1.0391107296871703e-09,3.4531995004134988e-09,5.5504134943914685e-08,2.1943550692892737e-11,1.1291533696060353e-07,7.730046251180234e-09,1.540837053553922e-07,6.936939819488094e-14,6.569672999808975e-14,2.7517445179178713e-13,2.9372259301524906e-10,5.944833640970213e-12,6.663866025529818e-11,4.223687369653301e-10,3.751115410406671e-10,4.0903214322517737e-11,1.766172932472824e-11,9.712314792381304e-10,8.072535153638588e-10,2.886655580960033e-08,1.2200689238959124e-09,1.1219249812119745e-09,5.427179476130301e-09,8.876266302894942e-10,6.476147515420382e-09,9.724785783176733e-14,1.1266846070063357e-12,2.3295973502736853e-14,6.763204664896838e-11,5.290686105214168e-11,8.147347246523903e-11,4.087270409872015e-10,1.0969748944573135e-10,9.004250386666721e-10,1.0814747178856594e-08,9.923825856571473e-10,6.10121722362873e-09,2.7523192796769174e-08,1.2461034966325371e-09,1.2353552558977286e-09,3.1420925051941996e-07,1.0604869369040911e-07,6.955221748397015e-09,3.5400804315190667e-13,1.8058452598384762e-12,8.782060162499449e-13,1.1882152421600453e-10,4.835374458284306e-10,5.666261210775313e-11,1.2303196003178289e-09,1.118640667580177e-09,4.210906469516382e-10,4.268832323780115e-10,4.764415152018251e-10,1.7657032979828533e-10,6.242817157101152e-09,8.016800779551886e-09,2.7718922478413343e-10,4.700634455077565e-08,5.5433458697333854e-08,8.55893345006344e-09,1.45155273169525e-13,3.636702379962018e-14
F6,Times10,7.644280307056167e-09,1.0524780923294279e-08,2.3971055518493517e-09,4.166466881825033e-09,5.505923965713022e-10,1.3970823683772108e-08,4.497627772400088e-07,4.0112542762889375e-09,1.4277610269378656e-15,5.655840130113396e-13,5.212104980774228e-13,1.2400097407589035e-10,7.857515314887849e-11,1.2542021353393062e-11,1.7712851326845826e-09,6.501684794495656e-11,8.064288827889623e-10,3.1203349651096434e-09,6.776034972613976e-11,6.973750678115408e-11,9.096454352642481e-10,5.072825048980494e-10,2.7326580012810846e-08,4.206935425145931e-09,1.4028935864234403e-08,1.0938577084982638e-07,1.8167702245083356e-13,8.392455210210639e-14,7.962316303690874e-13,2.134491674125604e-10,6.40883464824344e-11,2.64871929600569e-10,7.378672448196382e-10,3.4045491513962945e-13,3.380314128196126e-09,3.027820246152119e-09,7.786274303956394e-09,3.0293033218428567e-10,5.762143418960651e-08,1.0930690912484005e-08,2.32636060417846e-09,7.678147587264587e-08,4.2576810350210395e-08,6.693775241017827e-08,1.3333915955524348e-12,1.918328746000976e-13,8.760376226101644e-13,4.886165691972134e-12,5.308228348038284e-11,2.946800294801791e-11,2.1277242773016757e-10,8.444613402282071e-13,9.784641691654055e-12,1.6613953428405647e-10,3.413855411432721e-10,4.426999208103448e-09,1.069026334302276e-09,9.558452755005376e-09,1.4275799704013437e-09,2.1876875751147315e-07,1.812849591881724e-08,1.8053102141599936e-08,9.814993266899078e-13,1.2948181273845043e-12,2.9770826288214745e-13,1.6672800523543787e-11,1.4384203798446815e-10,1.3745722291253974e-11,2.072243877557384e-10,5.452239178798245e-10,5.267234850611965e-11,9.939599481764565e-09,2.0546709121888956e-10,5.98912875744979e-10,2.8674137935287813e-09,4.709151544071127e-09,1.834695551859302e-10,1.9836358685877956e-08,5.920725504682265e-08,1.771556668087948e-08,2.088921132254803e-13,4.778869064310103e-14,2.906440623511315e-14,2.859893933051833e-10,1.7116405800177579e-10,8.632696655541449e-12,1.7246766441925345e-09,1.689538651626023e-10,1.9409943179327618e-10,7.185267581811725e-09,1.7945059617741982e-10,2.5337753633620792e-09,5.417409296980359e-09,4.2247714766213924e-09,1.2156012429881028e-08,2.8023386067417373e-07,6.108517284014332e-08,1.3724429162236477e-07,6.070875059283587e-13,6.538206156282435e-13
F12,Times1,-0.005459244688033504,-0.04427054201298625,-0.003108020246265656,-0.005457320286729933,-0.20750248527477505,-0.004939856581287208,-0.01886505679247636,-0.01496662805022266,-0.0003598307068625754,-0.00026933473722780054,-0.37317744829804417,-0.001527042158553276,0.06364732336164908,-0.006270488311386783,-0.00999793992966781,0.12917447122192668,-0.03663326889961973,-0.011583115739584402,-0.07178654348028563,-0.003008938209441518,-0.07617439331944753,-0.0032311848795033853,-0.03190881202819235,-0.12557067255940088,-0.09814363443395885,-0.07116322881228994,-0.034310602982551446,-0.00015585351775952906,-0.00015150701239741106,-0.005248031541904048,-0.010104818200765418,-0.005399247002934629,-0.008005589157220907,-0.04114894055328454,-0.0018098461516873501,-0.004489189062630025,-0.006335734066898453,-0.07040686125494262,-0.1418753046049046,-0.003070932850272339,-0.006565817377138732,-0.06280769343630019,-0.05575753188361636,-0.011761315796029688,0.26177291853702683,-2.6237023427561912e-05,-0.0004417153664636086,-0.011840933615057433,-0.0013462231573553713,-0.11343515706049812,-0.005382523841619041,-0.006056239331417618,-0.007507774291849598,-0.011237235717890936,-0.2885483014429444,-0.006001162614343355,-0.04039724806498467,-0.026077846052622488,0.13302076891111403,-0.0570863156612394,-0.0047837547485540055,-0.03873787883555458,-0.0001486997264693804,-0.015715319424070378,-7.467398703066917e-05,-0.014656841380095756,-0.025739438502838365,-0.00014545915635548942,0.7580958920880319,-0.047728541309590936,-0.025987519385333474,-0.09961105819563562,-0.0482660704816737,-0.08344021558749391,-0.007110610222063877,-0.00749760609901795,-0.0008239064946197268,-0.01939341669699278,-0.06466606398321333,-0.2863132670900494,-0.0003550863038901525,-0.0005709670358508824,0.13329541484601246,-0.001855558358492842,-0.0036755979302980375,-0.0942599226307941,-0.0037885794384796764,-0.006769501023863779,-0.013459116098834253,-0.003435431148152398,-0.01028315814471191,-0.03245947392907094,-0.022697611264505643,-0.0009935401604563069,-8.737712801714566e-05,-0.05049735420025651,-0.036667404670012255,-0.09081867872777472,-0.0336496805476378,-0.08391231774961637
F12,Times2,-0.0008286600038143176,-0.06813969579667309,-0.000718461094978508,-0.008317798997131722,-0.01366357625709497,-0.08768830401203134,-0.012481598986730796,-0.07117060009824598,-8.715664622705572e-05,-0.00014457580809553336,-0.0014924763232684744,-0.0038991207879537316,-0.010469687493257095,-0.0009322149236253115,-0.002767804136206777,-0.00613707775657958,3.8123779255412114,-0.051700365318782686,-0.048513640587925407,-0.008710034133585265,-0.019415575405233747,-0.00628694535631644,-0.025790363238404997,-0.07907766940023414,-0.03357151645585191,-0.020932785836864223,-0.007604937750897561,-0.08941337108967852,-0.04187064303078444,-0.015947959214592463,-0.008168638969933611,-0.003241380328826291,-0.0011436855212389227,-0.030102556228232675,0.19517976160378522,-0.08145912430565294,-0.0018057093404429813,-0.07118175687243011,0.44166388333714585,-0.017960686236179208,0.5080257569582999,-0.12427242838968174,-0.19539179042213,-0.05857172242084199,-0.0008260652817604033,-0.020961909636718134,-8.871284674693327e-05,-0.0009495274084745283,0.5095626057818972,-0.008941759848812299,0.25662656651391236,-0.22416929464659024,-0.011210023721439893,-0.09211165094243791,-0.006672396942992504,-0.037970262429068244,-0.010295915376692007,-0.006822812646221793,-0.06801727445719842,-0.10993763559213622,-0.0214365708834479,-0.17521900336810226,-2.124888373634328e-06,-0.0015143726274009358,-0.12760535341530566,-0.00029095212086185793,-0.02162714513412291,-0.016878050364357525,-0.15970801510581373,-0.0166435222242651,0.4417073682291787,-0.010783964528890255,-0.01061033098919689,-0.032591612577718795,-0.032245318911865925,-0.09425449386487146,-0.046255137378820976,-0.09916385421625278,-0.07587433687360226,-0.2744270690259681,-0.0011018461994227165,-2.4800730027520405e-05,0.5059586545471432,-0.006265573607711166,-0.0020087613927044497,-0.008874199378166154,0.756678339929452,-0.050603700173042526,-0.040632403861850755,3.8491373137276335,0.3830482707311584,-0.15291456536261758,-0.019330904990709292,-0.027153308315931178,0.01108383534250191,-0.002632598883564857,-0.2767297274965844,-0.12031685425960605,-6.510546369998406e-05,-0.00018766820953833926
F12,Times3,-0.024343806330908924,-0.005000053283047353,-0.01856869160658739,-0.13062230318007326,-0.04597185487827166,-0.13984235383900792,-0.035566991391538946,-0.14026232699710223,-0.00016774781113305048,-0.00044703110546666917,-0.0001816439017059223,-0.050087491677959235,-0.006578047500794795,-0.002538818154837485,0.2581593658807979,0.9487530948316237,0.26177291856049445,-0.03444462169430773,-0.014192576671428888,-0.027761917653043592,-0.01264317951457364,-0.0710474857132216,-0.03440562494410458,-0.08662977676680803,-0.03368074379658268,-0.1806758239019922,-0.12580078096169808,0.19452849344624676,-0.03983715847477752,-0.20257405524616814,-0.07788789660869719,-0.023701003575242217,-0.017888349465479264,-0.00010584684399646975,1.4517539481490838,-0.025953181049554404,-0.19177061961791428,-0.02228444191763187,-0.022997278710934967,-0.1130283383340693,-0.03887219975761298,-0.0265731236271064,-0.14228364423811898,-0.030818621963637743,-4.422990079810379e-05,0.26177291853717954,-0.00022352458033347752,-0.00022552404257926195,-0.002364261386036026,-0.011161787435946728,0.6805886986640299,-0.00012958106391619276,-0.027967193935515677,-0.007278689383601122,1.0753799092964729,0.06954066565008626,-0.035519032821793556,-0.009568303548290908,-0.062052182759642485,-0.006738805936040722,-0.011597698117624426,-0.0072586907788387825,-0.06565937284115264,-0.00010289334110246914,-0.00024187657738734925,-0.0002965099815590201,-0.07449623235191907,-0.007123152383749941,-0.05083552961317673,-0.15870550030698508,-0.00036517073958666296,-0.015113079867867436,-0.023488301833277415,-0.02340563204229589,-0.005460367111573445,-0.03705867279615815,-0.05730852568694698,-0.11353816794705815,-0.05663283488896582,-0.07566282632082229,-0.00017894897708313522,-8.699564803489728e-06,-0.0064121191574428495,-0.013708403798709199,-0.007149455065205839,-0.005987483094094688,-0.01004628382436889,-0.015115700074485117,0.07014172195614221,-0.018516887955167864,-0.1251047698361731,-0.01787649026613853,-0.0373361986723186,-0.0010000062393067221,-0.009413455641175907,-0.3228419494532404,-0.0011179601407574947,-0.06924955158116232,-0.26159234852141894,-8.969936728635134e-05
F12,Times4,-0.020368590607566007,-0.025295429215317654,-0.026842329830088826,-0.13357839561146975,-0.020077265324077505,-0.01745845194357944,-0.11197949313251601,-0.04598461184229451,-8.055481732121302e-05,-6.260158910980706e-05,-3.9275037228348645e-05,-0.004931259476230595,-0.0023433435279678065,-0.02221118373324002,-0.014726925200746655,-0.00630180736192941,1.4450469853886687,-0.0071946133322812675,-0.02931027291150417,-0.0034165558401249656,0.81475954933798,-0.0025056745573692626,-0.0006814277703042754,-0.10015538585055137,-0.006432118256505466,-0.056534995397319716,-0.1375531322591334,-0.002631987356534824,0.13329541484592372,-0.004391791704909109,-0.11691492706130815,-0.06283147787501697,-0.0928191189093969,-0.07050760349299558,-0.04013215694466407,-0.05323781685800166,-0.008281216383162315,-0.014667645196531581,-0.028118605358229833,-0.009300971225500948,-0.018656689918253547,-0.14740738404486628,-0.1375018167256417,-0.2711307559736598,-5.895459696792334e-05,-0.000315284453945395,-0.03420091542721165,-0.0010999783987050247,-0.01110003999917394,0.5696111919258117,-0.008035743851733243,-0.05575623051853339,-0.004932995188945287,0.07014172201101927,-0.12067057905675323,-0.033676004618705305,-0.046480540970661885,-0.020220202064799304,-0.027657873768139683,-0.04483831818027308,-0.217135558147788,-0.05050963887388385,-0.00022759018193154498,-0.00017321341976064627,-0.005000482578527447,-0.00010753448380103093,-0.07389242868495165,-0.016461924705348182,-0.1498065916448188,-0.0025667049670833643,-0.15034581433719582,-0.05940325954877195,-0.004916438020102768,-0.019661786726506692,-0.030263671480785223,-0.013932619747372975,-0.15103751045525093,-0.0045493458821791385,-0.06659996760991066,-0.19056677374845307,-3.594341869949269e-05,-0.0005773711549254464,-5.104668730466837e-05,-0.004536212902566394,-0.01462972225776731,-0.018864249717710467,0.0074691602717604005,-0.015056719617848406,0.1340180035614082,-0.009543362111381066,-0.005523983182873431,-0.02814660782328134,-0.01835619139884877,-0.020353676251213825,-0.05304397144118229,-0.014703514575111681,-0.23814968524475838,-0.11849858428358895,-0.01948351172386683,-3.276939356338232e-05
F12,Times5,-0.02331422925507714,-0.004764657185034589,-0.0377787994767344,0.5088485124965073,-0.06727239377677731,-0.05793752093472188,-0.009290703416563417,-0.08850392506413114,1.4408927246845977,-0.002566039845812099,-0.00015615691994409967,-0.00026797926428867526,-0.011656723230419015,0.007469160367476107,-0.0014425077356476593,-0.05351262693885662,1.6934382650141908,-0.027833532212990415,0.2617729212675975,-0.020140460800095957,-0.01670121262940974,-0.0018614486802830974,-0.24656593818535538,-0.02876047867978813,-0.04928699806684002,-0.06620961756187214,-1.7033863354115844e-05,-0.0003553843709037195,-0.15603201511508963,-0.010769918156198321,-0.038358529413019586,-0.011410355742737426,-0.01102149596018438,-0.0024392472031825683,-0.048280690844027564,-0.003004947590083168,-0.06368131665794537,-0.012448458666573528,-0.016803229836175285,-0.014919396949029645,-0.05169622362010505,-0.17197328430919698,-0.022173810928162563,-0.1585044952000685,-5.124762427103974e-05,-3.2553579985934135e-05,-6.73839694889182e-05,0.007469160491851935,0.50663947276543,0.3825347536954928,-0.02521785121694982,-0.007730524525119707,-0.020272737103234368,-0.0005439214415183199,-0.0022978628001582503,0.07080591350505074,-0.0024931262541893215,-0.05671817197940637,-0.09288933885267377,-0.0034645297683396745,-0.006498174838454928,-0.03683295402295094,-1.273510809939665e-05,-7.488746709339478e-05,-4.5594044819731406e-05,-0.04930075158916124,-0.030052438077829178,-0.03414250527019935,-0.014275141295267503,-0.10223607535105335,-0.012757370875838574,-0.09347292673512364,-0.034077499519495666,-0.04619301692394721,-0.08875724257838145,-0.06222241328408761,-0.033477939573892807,-0.059623509780624716,-0.052374790379501525,-0.030749234695594024,-1.9410956824957477e-05,-1.426559351956566e-05,-0.0007501141731781425,0.011083819746661097,-0.0026296199678966874,-0.004884189759781164,-0.00015227597204117122,-0.023314821860431174,0.38664342222264647,-0.061215285244762704,-0.0006481374645597741,-0.04383913653631663,0.44167393461239435,-0.012391486865305263,-0.015677630558849343,-0.030805002528175886,-0.07262252412516428,-0.2318056313244596,-0.00025257321230093223,-0.01889759705352062
F12,Times6,-0.05682877437433784,-0.0029167652930865984,-0.0292479746580227,-0.048233598934835024,-0.009928764984136926,-0.009893035722937864,-0.04548604501485648,-0.03143650320006064,-0.00023580574511259403,-0.0014054067500703688,-0.00024705361381919676,-0.013608068015676678,-0.00330955718586381,-0.001543483488537829,1.2303706868478466,-0.019324386017377817,-0.26422957557362964,-0.007396790076999962,-0.002961261324798304,-0.13312718252855318,-0.08142900628417907,-0.022414258729266116,-0.002251221219873212,-0.001023282449728366,-0.14078795670938316,-0.00899681160336943,-0.0004721672745529567,-0.11717276521298978,-0.10814948671575626,-0.004020231219696371,-0.001668726764748221,-0.003059430538695685,-0.07113839425391974,-0.010740775788045687,-0.10563694554253297,-0.222876346052135,-0.047228214778843494,-0.03190531683239315,-0.037885097898173584,-0.0074563952931617555,-0.08957615376683226,-0.03586040094226184,-0.03837893568492317,-0.3259492908231442,-6.661251342175234e-05,-2.201962664065572e-05,-0.0201496889751001,-0.0006045871603371179,0.1951604778648594,-0.0007274344696685286,-0.00652075743788249,0.06808574984158162,-0.13388323050282358,0.504370929976432,-0.0020301516793831366,-0.041361953124027295,0.07158830513685632,0.8810815526826201,-0.02309773534508379,-0.05544961756892728,-0.13884057163310892,-0.02177503361541094,-0.0008138292464003939,-0.08797690563297451,-0.09156392966390346,-0.0020464167107341886,-0.0028832072160956046,-0.19017866074436607,-0.002462735441843015,-0.007072197878131104,-0.11803205112811554,-0.024384629601396934,-0.1292315360646473,-0.014875832605525153,-0.003797206405702824,-0.08205774185323078,-0.003966715892568414,-0.06551035672510945,-0.33745721213956476,-0.048387411275292586,-0.0059532529253428605,-9.632303868338028e-05,-0.00038891895536135614,-0.00386292845161774,-0.00676181692806077,-0.005602986465360071,-0.017123778076045346,-0.0019325921812732671,-0.012702712966929553,-0.0065048132685678346,-0.004464428661877693,0.38223626864288096,-0.026812031291781415,-0.02171262702735786,-0.013354865887326858,-0.15011371465727738,-0.23610885679498403,-0.12050904436425092,-9.26783589127045e-05,-0.05655328628914918
F12,Times7,-0.027139073011926192,0.5703754637283657,-0.02040811220991523,-0.023510881653452827,-0.10883546234844738,-0.1860074843585817,-0.13131798990426555,-0.05456742952751276,0.13452895811220467,-9.711232657467479e-06,-0.00022441354428516218,-0.0012018747766049747,1.004438764627554,-0.0037763840260258367,-0.0004995065102055865,0.5028277457774427,-0.003117284387327977,-0.002623471254391929,-0.024468523909741108,-0.020490710400855844,-0.06395457659481478,0.1307556075595346,-0.003964440359993281,-0.12088417426067895,-0.07871687307111191,-0.07988720472439788,-0.00022170951652945422,-0.03824774214803263,-0.01277564948549695,-0.0009573754739686942,-0.0024400766940147717,-0.027753876610784385,-0.02633010590932425,-0.06864810164912495,-0.0072627083743417795,-0.01820556757615784,-0.015217865520191705,-0.03809592561451896,-0.13036491630586883,-0.03156110225186954,-0.014721192728995216,-0.07711039569320643,-0.038546890021683,-0.3445458149437618,-0.000157110027030773,-6.294151270939118e-05,0.44063688334946455,-5.7318959126774106e-05,0.007469160253035737,-0.002051483609467756,-0.004031671588601514,-0.05113587859292668,1.1958202781809952,0.7513045907068346,0.0074691604367486345,-0.0049843143663805085,0.06966282037344011,-0.03052585495810343,-0.010130702511591932,-0.005154457569213002,-0.05316867522103623,-0.14692694819646954,0.007469160251504535,-6.909638187133881e-05,-0.001183878040371017,-0.0011305209288162978,-0.006799560119897569,-0.00611816408294257,-0.004508442675013232,-0.010011848432928648,-0.006535864268785268,-0.006536863509403298,-0.0029098776247757922,-0.07319994330728109,-0.03499127862527999,-0.04650543040846379,-0.08645551526232481,-0.008665439087159634,-0.08090510398534487,-0.18698129481384615,-0.008484826254622919,-2.1134369271490096e-05,0.011083819498123848,-0.005538342216934278,-0.001883417667620673,-0.0005634381116064805,-0.0052280322905834155,-0.002484009564207992,-0.002200921192823623,-0.020558504110959202,-0.09018324184947564,0.25815936480023227,-0.04242547222420675,-0.017869432406804713,-0.01682032690165053,-0.0501199964977212,-0.03238880295304403,-0.20228335253369154,-0.03585223221238248,-0.12803080253483776
F12,Times8,-0.0033649344410126053,-0.02454646209765324,-0.03511976960020802,-0.11791093877863376,-0.02460987579210043,-0.024084251836763375,-0.05194633992556138,-0.025012329819438302,-9.086940680410607e-05,-0.26723954523633314,0.8221034506508446,-0.0009571895114545287,-0.007142080021236794,-0.001803120354444626,-0.020601241664492485,-0.004083266528348007,-0.04831938950698835,-0.025137581974014996,-0.006603282825073236,0.2562643684876122,0.5721767512459088,-0.004827965924867918,-0.02960789474992515,-0.008032941994691949,-0.12235964805402832,-0.14365818637676278,-0.00011954036527007745,-0.0002816521976476824,-0.04855785696602274,-0.0166699990656547,-0.17998129219765208,-0.003924523292063295,-0.020444469791071274,-0.09389533116467802,-0.028231499505175093,-0.16689362111753742,-0.015263473402165599,-0.026676610570394936,-0.003608501840220095,-0.010621901544283293,-0.0007851033091845154,-0.01810523559678766,-0.18316577080392552,-0.03276046723835166,-0.0003198268335085356,-4.3619147801205144e-05,-0.0005961613696339585,-0.0012065761557774712,-0.0030043147644275687,-0.0027982794874456735,-0.03367688260884442,-0.022754203621872006,-0.001900441949349113,1.135369230708704,-0.005851203754492198,-0.01473887392218152,1.010120286462423,0.258159364748554,-0.001765029035751477,-0.0880736478829406,-0.06191802790248065,-0.01229600460990147,-0.18739769717877716,-6.215562724006674e-06,-0.00016549367920123799,-0.0008682180780646604,-0.0049883881070735174,-0.14483912501684565,-0.04841375693458651,-0.12745116702970583,-0.025094572637944363,-0.07017699040724217,-0.0010677435152902873,-0.004005569239415148,-0.04679358292754482,-0.18038453182290243,-0.018389770378706437,-0.07671576003525472,-0.16213377999840173,-0.07804226963348646,0.13297234139079667,7.2686012180002075,-9.972484058208386e-05,-0.0015734194158087793,-0.010964499472281904,-0.0006943315170871903,-0.00994449468139296,-7.069015453448356e-05,-0.026225385774003806,-0.008644562983069475,-0.05305070158289593,-0.04595408526873985,0.7595376536893186,0.07014172858684542,-0.011475156053406248,-0.04129118411355005,-0.05747248865724039,-0.12641902202624353,-0.001635674552336776,-0.012523570694022103
F12,Times9,-0.006422634743650183,-0.04129628541887757,-0.019765798061620623,-0.05572414293200114,-0.17554714601028046,-0.2614600411922267,-0.008873359388963001,-0.06676678115053998,-0.001373494450046654,0.18997919451695042,-0.00036618531037205053,-0.007385742988623743,-0.01755326917808406,-0.000362800273594561,-9.298703664246915e-05,-0.037929450211899134,-0.04412985097232528,-0.01391241559932795,-0.005583376750993341,-0.006423165329486592,-0.017464337339262215,-0.08654702379543659,2.8067381238150375,-0.0022358244116461785,-0.019142450573541612,-0.13938806347369742,0.06805579944856147,0.4417045189258457,-0.06736636310621602,-0.015625379902093624,-0.050044356628028565,-0.02019298835815671,-0.005547978104747415,-0.12801412483781158,-0.00483424121279049,-0.009553213820463043,0.008595885472946192,-0.03810924996169146,0.06808574910436911,-0.00662649065465709,-0.011754578483377725,-0.0195102660946076,-0.023593358779910777,-0.1884468661452369,-0.0008992789024168663,-0.0001348403544628704,-0.02720427976041909,0.25926722132621843,-0.0002120025292448057,-0.0003627883605748984,1.4452478919247034,-0.004705124579567746,-0.005831390704425586,-0.013605570624166369,-0.04445673012308801,-0.02300176148420991,-0.0063166618043203095,-0.006511718468361409,-0.0753623681759658,-0.0627340170068007,-0.05063494597534411,-0.10706193899966351,-5.40644662807133e-05,-0.0001953500088662269,-0.01882917451359892,-0.04262249094949522,-0.1841053122168316,-0.020536973847243657,0.3798635828383487,-0.011868875709771786,-0.00045798835466657524,-0.0004174087060989411,-0.004248358867377185,-0.11802630754801033,-0.07405027770378805,-0.17832324250172077,-0.031189936735720677,-0.25848369391608583,-0.0027415934987527948,-0.11883596113685271,-0.0003045928796949527,-0.0015676716756463486,-0.030750943722818697,-0.004844130573490194,0.0058674501111189445,-0.005285703260216032,1.5147393255024417,-0.18500323732492993,0.3200477162612805,-0.009591920538980243,-0.02959232847675027,-0.0083764626001826,-0.10427461793350792,-0.0120448669637233,1.195820285142038,-0.005739944205521894,-0.1018428768464462,-0.1955968668450583,0.38521607341862624,-0.12758281075684
F12,Times10,-0.30999724895584646,-0.017899173403026537,-0.012662603642055355,-0.36065340368014387,-0.00789093974467044,-0.012198348854953881,-0.20247491210266183,-0.023926330031551372,-0.00018667485401790263,-0.00030246591361200557,-8.552733748324414e-06,-0.0018404119271501443,-0.006420413131323835,-0.010909009411943137,-0.001739601533499525,-0.0007621099250027041,0.9377011547321193,-0.05061146696599076,-0.0286866638550958,-0.014427755573970929,0.3794862531131793,-0.0004296834473438622,-0.005248097971571668,-0.02419422728900985,-0.018137665856460917,-0.15223453266388462,-0.14217284315964843,-0.015046393013437251,-4.339834796092517e-07,-0.010766527776138107,-0.1366112382052217,-0.0002509305459433564,-0.025148373766843406,-0.023842828906127145,-0.028354016468248377,-0.001612411472662806,-0.001816026846239761,-0.01317384901436939,-0.026249694670259543,-0.04617674396857814,-0.06464977152143855,-0.033098989513882036,-0.0062803241595740505,-0.09625481524466571,-0.019475139213633686,-4.901291721509239e-05,-0.00017756555743627902,1.4967321065643677,0.322538436697567,-0.003535407398604815,0.3148496862438912,-0.0031420308597964568,-0.01248089996131319,-0.0021134360511590616,-0.10242847281245009,-0.023708050770263743,-0.012445166908705922,0.007469160309564989,-0.019348949531455814,-0.030507307892421936,-0.07082404084283878,-0.023171776596537724,0.1302413715757976,-0.00011182295090432785,-0.0002009440481663552,-0.08059380194398384,-0.012533842718479257,-0.0020560310764866714,-0.10191038005585881,-0.009337585111265584,-0.009031703374022823,-0.12653879399090345,-0.0910561110918572,-0.08167338708141741,-0.2360326323613592,-0.008433727015672679,-0.01018716467911684,-0.18302251721073612,-0.03784759201923242,-0.2505084626417698,0.4436355844566661,-0.0002564771140318548,-0.19292388584371584,0.44779984138320783,0.07147086417671358,-0.00016391504169587708,0.437748072300896,-0.009918445099937393,-0.029716690817740393,-0.00600007681261636,-0.021098838440054533,-0.1171232293797918,2.762090885528447,-0.01605765591469542,0.13024137257401272,-0.21784424186151563,-0.040893505124482456,-0.04076667964585705,-0.0001701423428310455,-0.0005737903657396191
