,iterations,mutation_rate,num_individuals,crossover_probability,Mutation_type,Crossover_type,local_search_rate,Local_search_type,R,Budget
590,1000000,2.0,100,0.5,Normal,Probabilistic_crossover,0.5,Uniform,0.1,500
579,1000000,1.0,200,0.6,Normal,Probabilistic_crossover,0.5,Uniform,0.1,500
588,1000000,2.0,100,0.6,Normal,Probabilistic_crossover,0.5,Uniform,0.1,500
589,1000000,2.0,100,0.7,Normal,Probabilistic_crossover,0.5,Uniform,0.1,500
569,1000000,1.0,200,0.5,Normal,Probabilistic_crossover,0.5,Uniform,0.1,500
558,1000000,1.0,100,0.6,Normal,Probabilistic_crossover,0.5,Uniform,0.1,500
542,1000000,0.5,200,0.5,Normal,Probabilistic_crossover,0.5,Uniform,0.1,500
562,1000000,1.0,100,0.7,Normal,Probabilistic_crossover,0.5,Uniform,0.1,500
