Function,Times,combination145,combination182,combination144,combination180,combination181,combination5,combination41,combination21,combination110,combination128
F1,Times1,4.778820604495344e-05,4.997428471450085e-05,4.95439062839313e-05,4.955059241925105e-05,4.933808931215592e-05,4.723429524509131e-05,4.253044544358809e-05,4.060824813789043e-05,717.654392247581,1158.039728578911
F1,Times2,1.680438846940471e-05,4.778811007456503e-05,0.2908131703579054,4.921975736018202e-05,4.545463661458492e-05,4.617867795702935e-05,4.347688461924234e-05,3.586170582064548e-05,24.42605723831316,9.43175811867478e-06
F1,Times3,4.153982176790371e-05,4.994541149151333e-05,4.366714481219084e-05,4.802578935204036e-05,4.394569346192136e-05,4.44767244952705e-05,4.849779226105117e-05,4.626510206368677e-05,18.83637921573999,93.71705081959604
F1,Times4,3.617038958975008e-05,4.539208582819943e-05,4.868266956295972e-05,4.855535811662407e-05,4.981260171069777e-05,4.776297273684455e-05,4.987968924883504e-05,4.90659260230911e-05,631.6183903268934,2.03478592332858e-05
F1,Times5,4.939322437116237e-05,4.874958426989041e-05,4.55021672826632e-05,4.604273633765984e-05,4.534073194802984e-05,4.83655250702607e-05,4.628784719367567e-05,4.362361565695299e-05,7.008010608024017,252.8048426130462
F1,Times6,4.099421653035451e-05,4.960867027153511e-05,4.840881105438195e-05,4.975606843065564e-05,4.816901602190804e-05,4.183185509450494e-05,4.440049142435603e-05,4.80484027313397e-05,1.157745149614281,270.4644093420336
F1,Times7,5.419882192215403e-06,3.991602489161906e-05,4.997336425438536e-05,4.938527832183269e-05,4.63605819217514e-05,4.997019109263715e-05,4.738495265581297e-05,4.930317881380177e-05,11.26164807371064,3.535419676759379e-05
F1,Times8,3.228171899461847e-05,4.983635677442261e-05,4.716785802285169e-05,4.940516295777116e-05,4.944345749965466e-05,4.727896287124845e-05,4.744223658320221e-05,3.941407427191516e-05,313.6134539576104,35.88685438235681
F1,Times9,3.192725238668953e-05,4.911920792663388e-05,2.232538033080376e-05,4.90388472336082e-05,4.820096388840451e-05,4.889382858473044e-05,4.844619017895282e-05,4.252653259887649e-05,9.3214660926579,513.7459911153688
F1,Times10,4.932659073350474e-05,4.661622152827753e-05,4.856517081606934e-05,4.946556010265385e-05,4.829003371147638e-05,4.722300505321797e-05,4.897013406753198e-05,4.009116504856314e-05,2.275949037846374e-07,830.2678076061499
F2,Times1,155.4904041496916,23.92638169140294,123.5455498396803,98.16394382108727,37.20112510494565,0.01191898014627529,0.007746814610136959,0.01056310359212145,112.0323623038682,181.5332598692559
F2,Times2,151.6559757629071,17.19254348236937,118.9896833801285,145.1219956948548,207.3486638334784,0.01175599220065421,0.00713211337246783,0.01230537726203457,147.6392478491256,81.47577526851832
F2,Times3,137.1917705586776,6.571252443825601,172.3076191827951,226.5037278424388,135.726101606559,0.01040177531163144,0.007376819564728992,0.01539520324026289,239.2584279364129,151.4725066211027
F2,Times4,46.0180615762787,170.8176066273302,127.3602738871772,75.71371555660404,9.692678343733204,0.01280119311178982,0.00765832821901849,0.01294463756805511,124.3693378092812,47.2280887071067
F2,Times5,145.5980382916096,79.23607412524579,192.6852312573197,73.05141476127248,134.6372997968821,0.009226443128678402,0.00927471647857836,0.01260487099677379,136.419917701682,133.2478362869817
F2,Times6,56.08693923742076,0.7765762576766563,120.3378199540604,91.27929754218847,191.3821580902741,0.01119875934880599,0.005823880842733775,0.01311025034759999,263.577975323372,166.4092826539393
F2,Times7,180.4700447622193,46.13369081288833,131.1379753386236,61.3640422459063,116.2097752590331,0.01081256581034098,0.006308289922214882,0.01560077871320784,72.7544931165638,65.10375063439844
F2,Times8,88.85907053144797,43.53255957184919,113.7780502574976,147.0908838107189,0.8620636629651867,0.01309906320178802,0.006261340101721247,0.01082287258254166,95.19296663209144,131.4996154328049
F2,Times9,34.54125388866574,205.9965152635278,94.99394159933887,71.10367586202477,137.5339377979692,0.01047292861712995,0.006833772365596458,0.01155659905657264,188.3579474065889,120.2375257728441
F2,Times10,38.61831012424388,26.91801289744094,87.53982806163715,109.356383726335,130.0344707353265,0.01606138397146809,0.008770012053711751,0.010759231965314,0.0008373477384953512,54.45133382185707
F3,Times1,3.886770493676263e-05,4.636608985738632e-05,4.976717966755492e-05,3.454735869555834e-05,4.500451074525514e-05,0.0002476094523916832,9.928173690688732e-05,0.0002276902421793304,13230.54839590001,7.369569189938776e-06
F3,Times2,4.596616802027837e-05,4.780020233127304e-05,4.99604292221394e-05,4.443120053444169e-05,4.95958770526083e-05,0.0001986252083922539,0.0001309905145523962,0.0001921359696443353,38760.14953985559,799.8150363632175
F3,Times3,4.978980369467044e-05,4.421500067593098e-05,4.307649626386936e-05,3.380346792649651e-05,4.933173034620524e-05,0.0002059727103612453,7.524058148159274e-05,0.0001489515766696371,1.155851865664106e-06,5764.262929825401
F3,Times4,4.329720114157931e-05,4.509758479346083e-05,4.960677112578962e-05,4.953137838311095e-05,4.904424325335987e-05,0.0002866651903809799,9.895008339179029e-05,0.0001829272259396501,101.9382525149148,3136.044418087637
F3,Times5,4.862760949550931e-05,4.629872010224415e-05,4.318141896540128e-05,4.603218965014183e-05,4.975281597031482e-05,0.0003615505451081137,6.657567884357438e-05,0.0001521622161191082,2555.103947630063,6121.876375828312
F3,Times6,4.915365784428232e-05,4.664811190830333e-05,4.727852221565985e-05,4.832799839778117e-05,4.633382758679847e-05,0.0003591161813253845,8.284093814835486e-05,0.0003392440650267141,67358.02463697038,1.371507077184694e-05
F3,Times7,4.689251519456355e-05,4.948461374610746e-05,4.750732718490512e-05,4.926862655704197e-05,4.902899667020278e-05,0.0002138507808535991,7.135811317730847e-05,0.0002002309451819949,8.347473025893327e-06,977.0326706368315
F3,Times8,4.982959261041874e-05,4.896239298253896e-05,4.910457722707621e-05,4.980471343775579e-05,4.90637979118171e-05,0.0001962969346823426,8.041438241741897e-05,0.0002094139392389738,16776.96137786491,2920.256215278119
F3,Times9,4.928388827994214e-05,4.672391304485272e-05,4.987235350596869e-05,4.897169601241953e-05,3.925045968008519e-05,9.331157146634958e-05,8.349797424511072e-05,0.0001854300121109222,2.136876935050515e-05,2.148668876304371e-05
F3,Times10,4.832131932760962e-05,4.865196921297786e-05,4.809507570044657e-05,4.985140151374809e-05,4.831181693446333e-05,0.0002491007383133465,0.000121485402291999,0.0002556003186671549,54462.67786646681,414.273072450681
F4,Times1,53.7701882288655,52.91125197440003,44.52101404652115,49.10192232212481,57.80010708619297,39.80610371238673,16.90018105425913,36.6354079524132,59.95699978886973,56.32238226956079
F4,Times2,56.29674565008261,47.04811636359278,52.6917602415707,55.55417082100401,51.39427389679208,42.73179311217513,24.75293810243078,38.09727677133788,57.01244915614976,58.04749392396177
F4,Times3,54.60412372647884,55.12984982873083,49.78474171866989,49.70461682750091,52.55186083205599,35.37797645519813,33.51549596904091,41.49018171046441,60.76292886130866,56.61829604191144
F4,Times4,52.75339366314324,51.82494468084634,55.46438488489964,48.52793470313585,48.85551636430171,44.50326899778276,21.68953935626323,38.02636259118151,59.76935000051814,64.14674556969858
F4,Times5,52.36283197499219,48.83680173231925,62.08079340245951,51.68291152522136,43.62220692688123,44.43644011782776,12.85912982754638,29.78466405084072,61.87748338117961,49.27216303093284
F4,Times6,54.72260705044924,44.14916461399699,58.89926044153912,63.97699435869567,45.09897622392969,28.41684038989312,25.54901575429456,24.71057182140617,58.26119261495752,59.44824487637818
F4,Times7,54.5246885242821,51.34538008400038,56.07667757166703,53.69330015677288,50.21144135516472,26.75510880077828,34.63876091319023,33.63089554352875,64.84142123179349,64.3496763750731
F4,Times8,58.46388651318345,62.28094468200508,60.43575281386553,57.16004118694965,48.51509411423697,49.26682867456356,25.6286832602217,28.27215809848234,58.05011066386215,46.50703485676696
F4,Times9,56.97316656041338,49.62139791759769,59.52173833774186,45.29681793974859,44.12756560395967,39.10123581623936,28.4957646532364,36.35077879605134,71.79426121646732,54.62883947105272
F4,Times10,60.0855097286936,51.28532486529708,56.1384056537331,58.08518705268845,51.02628818082599,39.30398221943751,29.05961569654643,32.31553079584995,60.44598282628346,56.92730724727763
F5,Times1,49.14178709027975,31.88323431137924,32.41003976168928,35.63744159316808,136.5953895782191,99.89646790207006,45.97723471268108,283.8442893578352,32.08430099543248,33.41651697270801
F5,Times2,137.3169166564306,33.19827915698666,31.74897472316503,35.08735970161877,39.26188266745906,46.23175971756009,101.8324495075892,514.08661195262,32.49645443220493,33.51324067631921
F5,Times3,31.56125875586861,33.15205319186538,32.08239017151202,46.36217910294566,42.81235310855424,114.4176135389842,46.02134851749121,84.3420331818409,36.23767863062447,32.72071504061595
F5,Times4,29.65157618370433,32.05175971809209,32.90702927508938,36.00869422802263,35.29991187632041,148.6134909827006,45.92189872257933,102.9114532608,39.79223974512843,33.23798765195544
F5,Times5,28.46869777066674,32.6294976210968,31.99874915682951,35.56983466258075,34.18834230217272,452.595394819309,204.700068103666,46.52304525643825,31.16532547877025,33.78455067995981
F5,Times6,30.33177981223687,33.2354985513902,31.37840088323605,35.80848008038849,45.00451938237043,101.4907395512786,45.81643709493546,40.37934565599637,32.26701145213683,33.81615305525848
F5,Times7,29.27834464541756,33.02059728304042,30.88186372471404,36.21269558049472,34.91016924734235,161.7293914141672,102.0662230640716,98.17726299689387,39.89003245468577,33.58935514671589
F5,Times8,28.45951221270426,34.52804448172998,31.47307360405026,35.75804335161723,34.65772290839089,151.0805307614203,94.49582548792898,95.70116752794182,31.83694540902787,33.21556024712577
F5,Times9,27.87178035098752,31.67850595875597,32.08030435698264,35.55487569397319,34.58089369408802,46.51720344686056,76.71394347360223,100.2779150681323,127.3734277478295,49.2007325771921
F5,Times10,28.97537691884872,32.81224475402659,31.11384853911936,41.50894636880248,33.9741039410121,140.4281455110455,43.99732192664413,153.3142262444568,137.1124265379311,33.61335393817814
F6,Times1,4.368836835350801e-05,4.873932253320665e-05,4.83135767645163e-05,4.842474230884404e-05,4.975319885816832e-05,3.200736369399834e-05,3.48482561767273e-05,4.925521212826272e-05,974.6657408029681,290.6879917437588
F6,Times2,1.470502548831995e-05,4.719093471559301e-05,4.188032016933661e-05,4.896762308473867e-05,4.88727781447065e-05,4.988168389887683e-05,4.924120589470298e-05,4.994347593912305e-05,1.531029503729345,137.4098768055821
F6,Times3,3.666694837280001e-05,4.80696773742381e-05,4.986329775943885e-05,4.92195813724108e-05,4.719752301826854e-05,4.793560476408393e-05,4.165714201321796e-05,4.329718875109087e-05,4.025645054621334e-05,3.116094323933781e-05
F6,Times4,4.946855159252314e-05,4.382992349377703e-05,4.523779847898604e-05,4.964543734042753e-05,4.844724367698507e-05,4.134899783787093e-05,4.749100605639446e-05,4.616984135832094e-05,518.007054101052,62.71833689824947
F6,Times5,4.732533255621917e-05,4.987561417348064e-05,4.984140421739106e-05,4.994339860393079e-05,4.843846730983362e-05,4.504880850046452e-05,4.841960994876438e-05,4.369748845798281e-05,202.3206734536971,2.187012770892038e-05
F6,Times6,2.104368771860637e-05,4.690275828872218e-05,4.286849471136687e-05,4.777671810509456e-05,4.967592848928617e-05,4.800164596542995e-05,4.959867908169583e-05,4.984239846428149e-05,49.38095056240708,421.8882684425644
F6,Times7,1.63332509837564e-05,4.700727205486578e-05,4.984997839752579e-05,4.904748393386942e-05,4.94818148978196e-05,4.780894241145923e-05,4.978169872155229e-05,4.686119833690317e-05,125.2962853000181,733.0545656346121
F6,Times8,1.357039344818968e-05,4.987966049364733e-05,4.34409948442278e-05,4.900264095678878e-05,4.721265910568085e-05,4.984085256726159e-05,4.439260484549823e-05,4.99802492376425e-05,1.190491592773718e-07,253.034477605823
F6,Times9,4.391526314794627e-06,4.678219299105475e-05,4.282266873685041e-05,4.980197994336329e-05,4.997411268033222e-05,4.235682338787299e-05,4.071174003904405e-05,4.92430167678498e-05,1.091550353056762e-05,5.623918730076051
F6,Times10,4.629408965119526e-05,4.630519772227252e-05,3.477896031427912e-05,4.88389369021861e-05,4.749862432656223e-05,4.763871542628215e-05,2.628679580171182e-05,4.947475753577912e-05,880.9894077220335,1.137785647952786e-06
F7,Times1,72.42825217305015,57.15390554846755,65.27028966155362,64.13223207043876,61.32936788494489,25.24749156120044,19.90431696088457,13.9120184792478,73.20242820349401,60.29008422554634
F7,Times2,64.89862770312305,62.22225721040706,55.31398381542003,55.19642911106282,51.66040483376642,23.33153579348052,26.59536551870645,20.18666135462709,90.98742002219298,48.01602997274171
F7,Times3,57.21688173879375,67.90003715545045,62.02489079812742,52.6055680001169,54.41870982414743,27.64794330444816,19.1097620569126,20.78105015590482,81.6614019363852,48.43899611958025
F7,Times4,42.94940101209491,66.13229491952849,36.35677525498696,55.81181919709604,73.48996638331076,19.04440177095736,22.9981729070051,18.31662062077281,56.06526824113121,57.94973289957609
F7,Times5,50.68364979779147,75.58287423863985,60.68107958606672,56.33995072355035,52.31885718572899,21.87377834056432,18.99218421264645,21.72189531606016,100.0051842843646,60.23086458689049
F7,Times6,56.79895877235487,39.10779946875134,54.39133056213515,34.34895949154094,63.46401068654382,18.49623206201796,25.03696727908562,18.63465317142208,77.42591938957362,61.74692343823859
F7,Times7,49.35679728776648,57.57630051923966,34.14539824304113,56.64629422550689,50.88526210618964,23.84266428810596,19.52464448593076,21.13178804332852,65.79598925999113,58.00772362562147
F7,Times8,59.19257796955002,68.43753965750997,58.82363038776646,47.46802730682106,57.28377307337368,20.49790201333269,17.79241387861806,19.48275980814481,67.90006312836373,46.36064477476752
F7,Times9,50.82345462560448,38.88267630148428,51.93416656731253,57.25842284521987,53.31263266298848,24.95134046652747,22.5808602676242,17.65068750137843,71.50485022271005,58.85123599867531
F7,Times10,52.90149638650308,56.56368674857148,49.60659231862869,44.80403945505783,49.74611752828311,19.99752695628832,21.59757845835402,20.56389969521438,94.47617583416118,49.73864340267281
F8,Times1,-14572.33294217686,-14434.2043656664,-12794.07799342468,-13740.81760606815,-12517.73847155449,-13485.28472639663,-13030.06823712529,-14749.17170265923,-13881.79925401043,-15781.12941961465
F8,Times2,-13387.76065045081,-13206.0909953997,-14392.78818384363,-14431.68561042562,-14158.27470290713,-13682.43947313253,-13994.92914089984,-15006.29235314596,-13674.53956597775,-14257.02959586044
F8,Times3,-14175.20786838302,-14055.58436660678,-14194.85257110853,-14650.26431725225,-15459.63127064626,-12598.67950086699,-14788.11594276528,-15576.73198109703,-13304.94160364946,-14887.17458968588
F8,Times4,-15698.10573086957,-13939.30106547003,-15678.28799954955,-14158.47479552026,-14272.3508045663,-14788.42743168478,-14015.69255441667,-15184.18878067354,-14583.31645084862,-13939.4931058386
F8,Times5,-14767.36096709368,-14335.95422908212,-14313.35193872245,-14611.82869629855,-13129.67504244833,-13761.28173734971,-12516.52175448153,-15362.5744841224,-13148.100494247,-13349.59054196
F8,Times6,-12459.26002314946,-13762.02761691311,-14688.96990019678,-12794.61565127503,-13860.83474195253,-13920.82476433628,-14232.94125593354,-15321.69705800252,-12772.96919525193,-14214.394700265
F8,Times7,-14440.882833252,-14847.38050064822,-14117.97114034133,-16030.18727061719,-13858.8414254643,-14015.79503980904,-14508.48430433136,-14828.17164844934,-13842.55305987276,-15025.1717016609
F8,Times8,-13842.2610887446,-14157.79060323601,-13191.72723625636,-12432.77277358671,-14157.70987175352,-14215.71180862261,-13684.4490703563,-14984.58136738739,-14406.46736730685,-15645.83139275062
F8,Times9,-13939.17899490656,-13900.77898483983,-14472.82758045401,-14611.33615902401,-13645.15039032036,-14610.88490503489,-12615.11982047744,-14076.25968267412,-13027.19192375169,-14663.01648928851
F8,Times10,-13877.55119363438,-14176.47429584663,-13721.16410243249,-14589.55011470918,-15203.17689473249,-13959.38516546264,-14923.44115829559,-15005.29122242824,-13513.34550349345,-14885.67912253416
F9,Times1,173.1224623204787,202.9707728620519,233.8145504550068,141.2838585781418,250.7286667088868,0.0004046599324869504,0.0003297501170589356,0.0008245894248606334,223.8648268551817,137.3038548901759
F9,Times2,137.3039612099391,204.9604219526626,180.0866222009788,232.8194490777421,241.7738829085959,0.0003347205431651901,0.0004463102896909987,0.001099641417191322,194.0163750479683,221.8749549099539
F9,Times3,218.8902656127249,220.8799452835376,169.1426565002992,214.9103635975564,181.08190729859,0.00045287851290432,0.0005250833816727862,0.001277159411019468,196.0062220873422,167.1526319585766
F9,Times4,213.9154955633872,189.0416707001767,257.6932124507618,188.046448126272,182.0769877576362,0.001370402082145006,0.0002059592693104406,0.0006980536369738388,191.0312794068889,169.1426008936713
F9,Times5,192.0264518179107,154.2182504539769,207.9454721635535,232.8193882848422,201.9759615794765,0.001184638943726668,0.000428629815340642,0.0008332201804908124,237.7942644740449,131.334211885926
F9,Times6,204.9609145240075,171.1324280626782,208.9405429789576,185.0616573209969,148.2485821175976,0.0008399138399113326,0.0005408051082671506,0.0007571805891792849,197.9961807371465,155.2131231157133
F9,Times7,165.1626480216648,198.9910642127274,247.7436931687923,205.9557876192681,174.1173254111401,0.0009030840138581908,0.0002255343653150277,0.0003888791515347378,197.0010438964104,127.3544871014961
F9,Times8,188.0466149938183,154.2181695085329,159.1931013554994,253.7132745991486,189.0413666350022,0.001130229483489842,0.0003426250017586341,0.0006969454314482704,168.1476112918712,183.0717998850964
F9,Times9,189.0415181863623,229.8346529393004,202.9710116448557,189.0416657367779,207.9457010719611,0.0003867799754111445,0.0003178223092685784,0.0007983554306907337,214.9103432575739,138.2989253509404
F9,Times10,163.1728059049098,233.8143423347378,203.9660415965739,206.9507725277507,168.1474389422785,0.001085501037840331,0.0003131286621727014,0.001223025900980446,212.9204351998385,200.980961230144
F10,Times1,16.84034929554642,17.32787184030449,18.07094103041124,18.06498785999261,16.7621541173531,0.00129938851896938,0.000687449716835431,0.001192292090557601,17.4204781342051,16.82798025203096
F10,Times2,16.70810267189557,16.95489206330759,16.65936781688023,17.1294147215887,16.73998085090702,0.001092172387849644,0.0006151225995587595,0.001074756579829028,17.83026326128424,16.18209850393048
F10,Times3,17.557903271799,17.18709667355354,16.62169507589496,17.28323584860182,16.73710265281566,0.001290904760740119,0.0007942741212083604,0.001437769952694623,18.63247329058607,15.64171438311087
F10,Times4,16.85740577098101,17.28486862416796,17.24527146188162,17.35213835465325,17.61901392741937,0.001208855295868005,0.0006872871338252651,0.001241224503843341,18.06995066430968,17.2290767825973
F10,Times5,16.26903611412529,17.05583157958249,17.2070708325038,18.00051442925309,17.34057400275121,0.001316553193088765,0.0007711987635907747,0.001361339544597939,17.86960353556174,17.29030056663071
F10,Times6,17.4519359898233,18.47500294604658,16.51419634936515,17.29517520305003,16.52375607424126,0.001510103127319695,0.0008321446907721963,0.001169881770461956,17.63283067307205,17.15876834045636
F10,Times7,17.02796451743732,17.11813998370253,16.12137468894784,17.30864756513973,16.63684362380102,0.001302787330853761,0.0007348848570494226,0.000807397869937887,17.37038211493381,14.51425328534523
F10,Times8,18.13536567825124,17.6601134814427,16.6307968246002,16.64437795627187,17.87036458221183,0.001282478429157408,0.000793602678214711,0.001248748888851736,16.69124578173488,17.3113299791135
F10,Times9,16.99144956275711,17.66272924807662,16.53089849766177,16.96135466871145,17.74917905208997,0.001506002416057584,0.0006624932043237663,0.0009200629309447095,17.6230374252772,16.73854222057124
F10,Times10,17.73260052526117,16.77915999406557,17.1922533540737,16.64512990924174,17.61453156518903,0.001304366847101335,0.0007876210583077636,0.001301310776664621,17.42400194772262,17.03791879702251
F11,Times1,166.1670681560036,127.6847936602424,312.4952801912276,96.93035562946862,104.5620062945953,21.14019884783117,10.92287226959487,7.90931050865311,140.8610235878504,166.3313033836302
F11,Times2,348.2548905213301,97.18781471119573,254.3875092351442,126.0909154071339,147.5978149820621,13.29202151008573,16.22852464154603,14.19095552178179,309.0612916462927,153.8096952603335
F11,Times3,169.9421173679514,114.1730778827636,113.2688322440992,224.2742897324057,206.0821679851409,14.24768050879484,18.94650851191363,12.1505000205036,148.8131901515508,121.3224014519798
F11,Times4,122.8104904452833,76.82997229181943,200.8111636709882,164.5737650373304,116.6829040411561,13.6566026006937,12.22106855500326,3.945999926678545,281.1594768275739,124.0992337088696
F11,Times5,105.1922192677645,64.02660622590673,237.6409835996858,105.2180725953119,137.0552946563074,15.6738426709613,7.931350749252374,17.83946345583415,298.407335131407,86.33756345112081
F11,Times6,177.2668477221089,130.0727025632237,300.8160300666866,139.873430228791,104.4501022730099,10.83799798463053,13.72750504979311,14.52262240801907,233.1696343486038,165.8837064819057
F11,Times7,175.0838541565807,166.9744108761626,149.6139079905599,64.98728837427028,93.7564225824109,13.94560948954589,10.87170637706209,10.60648953242433,200.7820418302929,207.8788092911651
F11,Times8,222.0395234112196,187.6153068849354,182.8440266563115,183.5930957776535,56.50246480112238,8.391646819104805,19.56572252118199,6.642574139949962,159.6690557940955,217.3567425095901
F11,Times9,104.020872266181,128.2073731323909,173.716246178569,119.4480681462573,93.08413130778068,9.670460286879372,18.47622772949667,15.21814979828936,202.2136308807205,101.0038089042569
F11,Times10,152.8349894048013,74.80657862900512,179.7595311560393,215.1742544899018,95.4291013828347,7.0072847057306,8.730483578086318,5.878030251894867,237.5651475293137,184.5823476562289
F12,Times1,196.8110693270453,194.2081476763606,200.4718560214174,220.9207631060501,173.7612044010949,4.994170722959763e-05,4.451579483868515e-05,4.006332319814091e-05,208.8560069679593,216.823209263189
F12,Times2,228.395258670356,224.8482733570972,217.8304675686955,144.8680842030246,220.1580944048043,2.758730295991155e-05,4.99879398292037e-05,4.728856985489733e-05,184.8568259862196,184.4104678695425
F12,Times3,179.2314139646402,234.0181868018883,205.7947738108148,211.7547785379566,235.4320824854688,2.260389202474286e-05,1.666397805325507e-05,4.990078430069118e-05,151.1652454705435,186.8046165617979
F12,Times4,203.6392147972198,213.2810567271402,193.7018361295944,238.7005912353999,204.6164113303525,4.768855937969353e-05,9.67817951575419e-06,4.532786419042303e-05,215.3814199415315,138.6958151689861
F12,Times5,224.6857860521746,241.8127488447716,220.1674735215899,225.2826703256977,219.5645657931865,2.916489923938041e-05,3.85858104771178e-05,4.482594621265762e-05,175.4821264474502,188.512984067846
F12,Times6,192.6459807236168,199.5799184073933,190.3072500053059,220.1984501510977,222.7887786690859,4.317745500885337e-05,4.987560133480886e-05,1.993658168816016e-05,193.1270127203115,204.6726325705434
F12,Times7,249.8525712268345,156.3362222628134,187.3243102644346,201.6648879062998,181.111543749301,4.275222666511087e-05,4.809701869206492e-05,4.92190994777178e-05,188.1781445215873,165.643162788868
F12,Times8,255.8923709369339,218.5448262103511,178.1399358029122,179.8738746609773,168.5705934725913,3.58830976392581e-05,4.631303982438593e-05,4.871060347194305e-05,180.5777087588118,154.2218412047791
F12,Times9,188.9855709055141,198.8004947430429,220.0479091356946,203.8247856905661,168.3296818415336,3.943472240771015e-05,4.980291669323764e-05,3.663919466236107e-05,214.1287816256047,198.1836548218248
F12,Times10,212.2885809465769,181.0283808840613,215.9654965986942,260.4674557348537,212.752205232453,3.99502515488644e-05,4.861893940494492e-05,4.646718988304166e-05,213.485048224064,151.8335216625001
F13,Times1,199.468354087873,215.6652388090834,214.845908613742,189.0865534320886,176.8019707371423,4.536917807832656e-05,4.919771317886133e-05,4.780629356527662e-05,200.4865944109444,210.32603849866
F13,Times2,203.9656294551268,186.1183516588998,210.9014848567558,250.5713458575526,185.3743969293065,4.773673677320392e-05,4.6213947329725e-05,4.976979121611258e-05,186.0507859488607,199.5215328659245
F13,Times3,237.9274062318455,229.857549322732,190.9776934094319,215.43458543102,196.326168075729,4.814883650483618e-05,4.955498979827391e-05,4.955024766010941e-05,165.8788347229937,201.6797490057601
F13,Times4,185.3212768113797,187.1822921579414,178.4918201840858,228.3521771226961,197.2751848219067,4.872743051652204e-05,4.320270403698688e-05,4.611167036190122e-05,219.6444633496347,149.1991415017476
F13,Times5,247.5088852349266,202.1873621410247,186.0766536608104,183.5077539563765,218.7236855367245,4.993822626612212e-05,4.710949849006444e-05,4.098200557701388e-05,179.5409265240721,181.1613798581361
F13,Times6,230.1043975513957,167.8108943278615,176.3168548969858,207.060647991385,222.3819486456608,3.178044613370199e-05,3.429746587743612e-05,4.993273345097669e-05,231.4122434164232,180.1697025468001
F13,Times7,224.3515421445974,180.914277702327,196.5651288782639,177.5744308423222,213.4057881007754,4.990367268228835e-05,4.708090349497381e-05,4.943231394103799e-05,190.9061352025852,182.4419536393134
F13,Times8,226.127584828775,217.2215623030076,162.004175054897,205.6367796434298,196.1395348308051,2.864962303144215e-05,4.916353943362368e-05,3.049128354386729e-05,192.3042280975831,168.4408904051473
F13,Times9,183.1854299737901,237.2056052317719,212.6783540525956,191.3463872150996,223.3485025993745,2.487919890330212e-05,4.785507337119121e-05,4.87104523787645e-05,187.3124533370479,153.9017383697838
F13,Times10,200.5984421963765,189.0989906742462,210.5740506154113,193.8396087142929,212.1323158218356,4.890778415403254e-05,3.308053671629261e-05,4.972351919158114e-05,188.0189891612041,203.3909145708138
F14,Times1,2.982105156816675,0.9998055370689966,1.000031598752473,1.000030350067925,2.982105156816676,5.928845125400149,0.9980386224034697,1.992030900220718,13.61860892386102,5.928845125400147
F14,Times2,10.76318066677915,5.928845125400149,22.90063408158465,0.9997854840072613,1.992030900220719,7.873992977132183,12.67050581113556,1.992030900220717,0.9997561922750798,6.903335694220138
F14,Times3,8.840835962754232,3.968250105568166,3.968250105568159,1.992030900220729,1.992030900220718,10.76318066677916,0.9997730119138457,6.903335694220144,15.50381680261233,6.903335694220137
F14,Times4,10.76318066677915,0.9993121378247334,0.9998153524377023,1.992030900220719,1.992030900220725,9.803897942835274,1.992030900220716,0.9986294185986577,19.23067813041172,1.992030900220716
F14,Times5,9.803897942835265,10.76318066677916,4.950491231786253,0.9991056026116947,0.9984277159741053,8.840835962754234,7.873992977132182,5.928845125400151,0.9995373945841715,5.928845125400148
F14,Times6,1.992030900220716,5.92884512540015,0.999915996772313,2.982105156816678,1.000024790507915,1.992030900220718,1.992030900220723,1.992030900220721,16.44090731417178,5.928845125400146
F14,Times7,0.9992972422549822,4.9504912317863,6.903335694220137,2.982105156816675,12.67050581113556,11.71869956206306,1.992030900220718,7.873992977132183,23.8094344712963,4.950491231786253
F14,Times8,6.903335694220138,1.992030900220719,2.982105156816675,3.968250105568166,10.76318066677916,8.840835962754237,21.07268750831577,6.903335694220142,1.992030900220716,17.37440650048896
F14,Times9,13.61860892386102,5.928845125400161,1.992030900220716,6.903335694220149,0.9992053726433887,5.928845125400157,12.67050581113556,0.9991425398843692,15.50381680261233,2.982105156816674
F14,Times10,10.76318066677915,5.928845125400155,2.982105156816674,2.982105156816678,5.928845125400152,0.9980183447298836,1.992030900220718,1.992030900220717,1.992030900220717,4.950491231786253
F15,Times1,0.000345369293031892,0.0003499900538572962,0.0003443094712539513,0.0003473473694555762,0.0003458130801371699,0.0003908111490403268,0.0004576271938002805,0.001263467878211217,0.0003486314788152832,0.0003473744608749807
F15,Times2,0.0003450094922247992,0.02036333935108622,0.0003486271064815087,0.0003487611068535177,0.0003492240001458232,0.0007361533735590058,0.0006796840060913161,0.0005956432925246542,0.02036333934918691,0.0003473959844309663
F15,Times3,0.02036333935191132,0.0003496978556477112,0.0003476858416068522,0.0003439521876745648,0.0003408824995103716,0.0005252534799715344,0.0203633608515858,0.0006635261094816052,0.0004243008195256658,0.02036333935181449
F15,Times4,0.001594059282174783,0.02036333935661294,0.0003483708461599985,0.001223173403138155,0.0004242984211061467,0.000459945878470604,0.00073731112142428,0.0005809445239829916,0.0003498376099783445,0.02036333935785191
F15,Times5,0.0003486504965831633,0.0003499504376322682,0.0003489585127132179,0.001223173377163809,0.0203633393519765,0.0007203954614198425,0.001012446176022318,0.000725653407782887,0.001223173560282387,0.0003493340064783339
F15,Times6,0.001594051195772734,0.0003452009149423397,0.000348887194561942,0.0003433578520785277,0.0003491030502904286,0.02036353348989504,0.0006339987002447372,0.001223587557074648,0.0003486043265874176,0.02036333936239983
F15,Times7,0.0003468879149574662,0.001223173393159579,0.0203633393607136,0.02036333935980201,0.001223173394742138,0.0006111375806128592,0.0003471321002642878,0.000686483581496113,0.0004243190704915259,0.0003495215108811319
F15,Times8,0.001223173457426012,0.0003456067627181507,0.02036333935095322,0.0003455421586946125,0.02036333935909582,0.0004160989036627704,0.001223174790454214,0.0007704408100845185,0.02036333936591167,0.001594085907243074
F15,Times9,0.001223173408590042,0.000424317511946369,0.001223173419544166,0.0004243153087554982,0.001594057665733417,0.0007953336504453723,0.0203633955442133,0.0007792668046809772,0.0003478125654903525,0.001223173587005166
F15,Times10,0.001223173410394195,0.0003466965852258846,0.0003482966033312811,0.0003496797931916768,0.0203633393620354,0.0005842416518250728,0.0004761031732562711,0.02036336952247917,0.0003488537754728921,0.0003493987761171344
F16,Times1,-1.031590993468513,-1.03158454645332,-1.031610663898996,-1.031571369602002,-1.031576753206124,-1.031624974273732,-1.031608863401335,-1.031589340760163,-1.031572196128939,-1.031579254105463
F16,Times2,-1.031552948338086,-1.031590299296212,-1.03157443472075,-1.031620899842312,-1.031586119138846,-1.031617981734285,-1.03162526802831,-1.031612409242759,-1.031565964870986,-1.031566922692426
F16,Times3,-1.031585704574746,-1.031564322127377,-1.031610953136917,-1.031571153903454,-1.031615940651882,-1.031562091700098,-1.031568524556839,-1.031618850113385,-1.031597928213012,-1.031607801435512
F16,Times4,-1.031576530949468,-1.031601853617113,-1.031627249633036,-1.031560340789555,-1.031602826769284,-1.031628075332267,-1.031588749646722,-1.031570501646238,-1.031591963401169,-1.031564934433022
F16,Times5,-1.031622671187587,-1.031573346203491,-1.031553815229739,-1.031555402889612,-1.031627485054966,-1.031553457401196,-1.031604650920811,-1.031626538062582,-1.031600406782478,-1.031588159353686
F16,Times6,-1.031625045101125,-1.031573398680738,-1.031585721543708,-1.031552312844141,-1.031562702037393,-1.03157099447098,-1.031591603570312,-1.031557396318331,-1.031626113715311,-1.031612094825671
F16,Times7,-1.031577326897707,-1.031573063895949,-1.031613628825921,-1.031605361808758,-1.031551134366519,-1.031571070794737,-1.031576502481731,-1.031596923312431,-1.031609262523535,-1.031602756344439
F16,Times8,-1.031553777091931,-1.031552337246142,-1.031556906235068,-1.031583822430324,-1.031591406420809,-1.031570488380463,-1.031619259949464,-1.031571316051847,-1.031573576780542,-1.031601095869103
F16,Times9,-1.031567060600834,-1.031577404326688,-1.031577017542235,-1.031592629962522,-1.0316252032422,-1.031624910540207,-1.031628373930161,-1.031616717326705,-1.031576254067939,-1.031561409153456
F16,Times10,-1.031582838241349,-1.031592383762755,-1.031614473911713,-1.031587312347171,-1.031582204914087,-1.031572021458275,-1.031622858697406,-1.031610079704837,-1.03158519827738,-1.031622458126186
F17,Times1,0.3979976167775412,0.3979002645336909,0.3979758138111684,0.3979518576850936,0.3979652983967199,0.397938154745141,0.3980414457852959,0.3979273433310055,0.3978965040948772,0.3979599080834664
F17,Times2,0.3979457080114095,0.3979699460410071,0.3979428907045701,0.3979353954932332,0.3979193088146129,0.3979923782670731,0.397896866508793,0.3980238032756187,0.3979627975772413,0.3980370239883229
F17,Times3,0.3980009779778992,0.3980181785757537,0.3979892041479456,0.3980128875051889,0.3979070295766132,0.3979344300432928,0.3979965320548722,0.397946217208716,0.3979376469645999,0.3979193593497179
F17,Times4,0.3979025127425118,0.3979255569658822,0.3979849515480591,0.3979951661990313,0.3979047724884044,0.3980023795138976,0.3980274214513777,0.3980138658700252,0.3979516696981893,0.3979596825012983
F17,Times5,0.3979603763844271,0.3979215940409304,0.3979932185665778,0.3979767396568157,0.3980341230945896,0.3980205547616524,0.3980115322108322,0.3979912151139651,0.3979260710857826,0.3979865870541541
F17,Times6,0.3979360069915749,0.3978974516909464,0.3979528923330982,0.3979357504660612,0.3979347884702396,0.3978874852074625,0.3980065262103629,0.397893861479707,0.3979375188372511,0.397995235370054
F17,Times7,0.3979557351857306,0.3979516319428438,0.3980117076597907,0.3980067059699337,0.397996068214713,0.3979811603383236,0.397914067281107,0.3979535081893655,0.3980102060169699,0.3979656540173533
F17,Times8,0.3979704684444823,0.3980422768731326,0.3980141332181546,0.3979389374886715,0.3980340576292551,0.3980283301728562,0.3979626892746833,0.3980271744660833,0.3979012371856729,0.3978896005442092
F17,Times9,0.3980353912792367,0.397917515773468,0.3980212375497398,0.3979664044558042,0.3979919203545741,0.3979281464565556,0.397943795315955,0.3980414603899955,0.3979776723691746,0.3980065248217688
F17,Times10,0.3979876769172943,0.3979925725086773,0.3980138863379423,0.3979868902365666,0.3980337845183506,0.3979111714585901,0.3979333837822736,0.3979928576891343,0.3980492724989322,0.3979377661821992
F18,Times1,3.000009875454344,3.000048481011993,3.000028861919066,3.000029557158312,3.000049859620337,3.000027414615766,3.000034031387181,3.00000793015031,3.00002067252088,3.000044701886784
F18,Times2,3.000006363331973,3.000026932595991,3.000035843963571,3.000024119679855,30.00000005435296,3.000015749779747,3.000033382153579,3.000006367789668,3.00003141612845,3.000012725377157
F18,Times3,3.000049508778056,3.000046506293957,3.000008387347974,3.00000322102981,3.000034811202852,3.000031828554532,3.000019194230862,3.000012226225064,3.000040601137811,3.000006937188866
F18,Times4,30.00000000022712,3.00004419664788,30.00000000004652,3.000033897142527,3.00004539641081,3.000036638453423,3.000006255378431,3.000030897528147,30.00000000554393,3.000009240960755
F18,Times5,3.000004565380276,3.000047180151435,3.000018779026703,3.00002675668594,3.000020371005203,3.000003701717386,3.000045189780996,3.000045724363375,3.000004996621961,3.000020105947701
F18,Times6,30.0000000000064,3.000012716565698,3.000044796138775,3.000033187886537,3.000012725881692,3.000047315885832,3.00003384097946,3.00003536658067,3.000030543856914,3.000038533030244
F18,Times7,3.000012053633431,3.000000833806724,3.000019038411691,3.000032922249015,3.000047308443938,3.000019961613654,3.000031633799356,3.000028760749601,30.00000000034935,3.000014841091503
F18,Times8,3.000035641601183,3.000014083592373,3.000011575370212,3.000043787654127,3.000037416296017,3.00003336505454,3.000042933265113,3.000014775462791,3.000046365360834,3.000015306681248
F18,Times9,3.000006584828379,3.000042034234127,3.000040594296855,3.000029472776338,3.000023078583669,3.000026829295923,3.000015131822681,3.000003388438429,3.000020895735906,3.000037220235617
F18,Times10,3.00004177762372,3.000022814587234,3.000017750619285,3.000037476660393,3.000041577172621,3.000039294736816,3.000018987597365,3.000006427861669,3.00001656513492,3.000016815059239
F19,Times1,-0.3004789071949462,-0.3004789071949462,-0.3004789071949462,-0.3004789071949462,-0.3004789071949462,-0.3004789071949462,-0.3004789071949462,-0.3004789071949462,-0.3004789071949462,-0.3004789071949462
F19,Times2,-0.3004789071949462,-0.3004789071949462,-0.3004789071949462,-0.3004789071949462,-0.3004789071949462,-0.3004789071949462,-0.3004789071949462,-0.3004789071949462,-0.3004789071949462,-0.3004789071949462
F19,Times3,-0.3004789071949462,-0.3004789071949462,-0.3004789071949462,-0.3004789071949462,-0.3004789071949462,-0.3004789071949462,-0.3004789071949462,-0.3004789071949462,-0.3004789071949462,-0.3004789071949462
F19,Times4,-0.3004789071949462,-0.3004789071949462,-0.3004789071949462,-0.3004789071949462,-0.3004789071949462,-0.3004789071949462,-0.3004789071949462,-0.3004789071949462,-0.3004789071949462,-0.3004789071949462
F19,Times5,-0.3004789071949462,-0.3004789071949462,-0.3004789071949462,-0.3004789071949462,-0.3004789071949462,-0.3004789071949462,-0.3004789071949462,-0.3004789071949462,-0.3004789071949462,-0.3004789071949462
F19,Times6,-0.3004789071949462,-0.3004789071949462,-0.3004789071949462,-0.3004789071949462,-0.3004789071949462,-0.3004789071949462,-0.3004789071949462,-0.3004789071949462,-0.3004789071949462,-0.3004789071949462
F19,Times7,-0.3004789071949462,-0.3004789071949462,-0.3004789071949462,-0.3004789071949462,-0.3004789071949462,-0.3004789071949462,-0.3004789071949462,-0.3004789071949462,-0.3004789071949462,-0.3004789071949462
F19,Times8,-0.3004789071949462,-0.3004789071949462,-0.3004789071949462,-0.3004789071949462,-0.3004789071949462,-0.3004789071949462,-0.3004789071949462,-0.3004789071949462,-0.3004789071949462,-0.3004789071949462
F19,Times9,-0.3004789071949462,-0.3004789071949462,-0.3004789071949462,-0.3004789071949462,-0.3004789071949462,-0.3004789071949462,-0.3004789071949462,-0.3004789071949462,-0.3004789071949462,-0.3004789071949462
F19,Times10,-0.3004789071949462,-0.3004789071949462,-0.3004789071949462,-0.3004789071949462,-0.3004789071949462,-0.3004789071949462,-0.3004789071949462,-0.3004789071949462,-0.3004789071949462,-0.3004789071949462
F20,Times1,-3.203102050219558,-3.203102050246439,-3.203102050232695,-3.320101787726524,-3.203102050215947,-3.320700290130373,-3.203101951423103,-3.203101954261839,-3.320976033518117,-3.320828442726689
F20,Times2,-3.203102050186967,-3.320577089449601,-3.319995061602277,-3.321212996442215,-3.203102050195748,-3.203102007084378,-3.203102021545538,-3.320034830734806,-3.321268058354472,-3.320478201894442
F20,Times3,-3.203102050244703,-3.320096225602959,-3.203102050242918,-3.203102050257992,-3.203102050196605,-3.203102037090413,-3.203102021428319,-3.321462388694286,-3.203102050242961,-3.321070587841967
F20,Times4,-3.203102050243977,-3.203102050189206,-3.320645564015712,-3.203102050018495,-3.320372843053069,-3.203102003437091,-3.203101986836167,-3.320240098284217,-3.320100907343074,-3.203102050258864
F20,Times5,-3.320274236745251,-3.203102050031782,-3.20310205025452,-3.203102050196509,-3.320482966106593,-3.320507339998489,-3.319970655364517,-3.203102005166501,-3.320093864469668,-3.320323316327656
F20,Times6,-3.320499248266055,-3.320304892381311,-3.203102050260359,-3.321647191255706,-3.203102050128888,-3.320566330974238,-3.320359918596107,-3.20310189489182,-3.320271546936192,-3.203102050262622
F20,Times7,-3.320531572342578,-3.203102050240869,-3.2031020502374,-3.203102050173903,-3.32013411250985,-3.320586770405548,-3.32137154114741,-3.20310190801332,-3.203102050255981,-3.20310205016073
F20,Times8,-3.320498475477877,-3.203102050083805,-3.320294213114861,-3.203102050065751,-3.203102050221205,-3.203101925667095,-3.320330523992055,-3.203101988400672,-3.319983583305198,-3.319981112430203
F20,Times9,-3.320351468515587,-3.203102050087456,-3.203102050228095,-3.203102050150024,-3.203102050252056,-3.319957413554767,-3.320690150886257,-3.203102031451097,-3.203102050229084,-3.321250198776555
F20,Times10,-3.203102050261632,-3.320660625523969,-3.203102050234333,-3.203102050183318,-3.203102050151057,-3.321024779484302,-3.320103046009689,-3.320990601818252,-3.20310205024255,-3.203102050255038
F21,Times1,-2.630471668402147,-5.100772140325518,-5.05519772893107,-5.055197728920448,-10.1531815429589,-2.682860390675044,-10.15316079139001,-2.682860388909655,-2.630471668410461,-10.15316239646097
F21,Times2,-5.100772140328354,-2.682860395683686,-2.630471668405413,-10.15317379854673,-5.100772140320861,-2.682860377326016,-10.15316785401702,-10.15318651436085,-2.630471668408605,-2.682860395692908
F21,Times3,-5.05519772892927,-2.630471668409939,-2.682860395692428,-2.630471668407009,-2.682860395690514,-2.682860394510621,-2.630471663671011,-5.100772102962624,-2.682860395691618,-5.100772140328005
F21,Times4,-5.100772140324137,-5.100772140303041,-5.055197728917443,-10.15316961988231,-2.682860395677581,-10.15315003056713,-2.68286039152617,-10.15315018478682,-2.630471668409084,-5.100772140327759
F21,Times5,-10.15317431269385,-2.630471668404432,-10.15315622202932,-10.15318143855552,-2.682860395689367,-2.630471652124381,-5.055197723595492,-10.15317044654387,-10.15316646603234,-2.682860395691441
F21,Times6,-5.100772140320522,-10.15318323545859,-5.100772140317879,-5.055197728920776,-2.682860395672513,-2.682860389711116,-10.153157960599,-10.15316064611777,-10.15316470238675,-10.15315292736969
F21,Times7,-2.682860395693058,-10.15316096541008,-2.630471668408984,-2.630471668400104,-5.100772140300633,-2.682860387127173,-2.68286039534344,-5.100772136114395,-2.682860395691986,-10.15317782463623
F21,Times8,-5.055197728931811,-10.15316540877898,-10.15318873578782,-10.15316510807697,-2.682860395690269,-5.055197721779163,-2.682860394684667,-2.63047166340938,-2.682860395691454,-5.10077214032571
F21,Times9,-10.15316467346784,-5.100772140323483,-2.630471668410744,-2.682860395688782,-5.100772140308915,-2.630471618682313,-5.100772055190935,-5.100771958717939,-5.100772140330325,-5.055197728913797
F21,Times10,-5.100772140325247,-5.055197728815193,-5.055197728923633,-5.100772140327757,-2.63047166839397,-2.682860388566437,-2.630471663090461,-5.100772123257173,-10.15316074288101,-2.630471668408729
F22,Times1,-10.40284082609013,-2.765897327769918,-10.40276228796401,-2.765897327776631,-2.751933563879978,-3.724300344648932,-3.724300340637257,-10.40285490462341,-10.40282988708626,-2.751933563899444
F22,Times2,-10.40275054257612,-10.40277059820972,-10.40283050882573,-1.837592971483144,-2.765897327778321,-10.40283890692549,-3.724300343764076,-3.72430033033067,-2.751933563900684,-2.765897327778505
F22,Times3,-3.724300346506649,-2.751933563897761,-5.087671825058857,-3.724300346488306,-2.765897327763506,-2.751933548981361,-1.837592968311228,-5.087671788100613,-3.724300346505534,-3.724300346506644
F22,Times4,-2.765897327778824,-2.765897327777598,-2.765897327777028,-2.765897327765985,-2.765897327767048,-5.087671785367264,-2.765897325506011,-2.765897315070946,-2.751933563898114,-1.837592971482484
F22,Times5,-10.40277427257453,-5.087671825041776,-3.724300346502375,-10.40285115781839,-2.765897327770129,-5.087671787675351,-10.4028768449219,-2.751933560827846,-3.724300346498922,-2.751933563900772
F22,Times6,-10.40279394438259,-10.40285486554951,-1.837592971481363,-2.751933563857258,-2.765897327777223,-10.40290914458111,-2.751933561340762,-3.724300319832369,-10.40280553866942,-5.087671825055487
F22,Times7,-2.7658973277751,-5.087671825040382,-2.765897327778685,-2.751933563894676,-3.724300346483159,-5.128822770075559,-10.40289114756093,-3.724300319859093,-1.837592971483199,-5.128822796960057
F22,Times8,-5.12882279695165,-10.40280248643008,-10.40280661487942,-2.751933563890868,-2.76589732777641,-3.724300300669479,-10.40281938202821,-10.40292451393425,-10.40289363205389,-2.765897327778589
F22,Times9,-3.724300346504658,-10.40283897202883,-3.724300346505231,-3.724300346503829,-1.837592971479832,-1.837592968691743,-5.128822795219078,-2.765897325583388,-10.40285709215217,-5.128822796961765
F22,Times10,-3.72430034650595,-10.40275326653867,-10.40292398288633,-3.72430034650122,-10.40276560113406,-5.087671555006316,-10.40285244137704,-3.724300322726874,-10.40289497389323,-2.751933563900282
F23,Times1,-2.87114270522977,-10.53632995961537,-5.175646741635343,-10.5362653476669,-3.835426803205978,-2.871142696931777,-3.835426801940097,-2.871142701614158,-10.53627282839712,-3.83542680320838
F23,Times2,-2.427335200073039,-10.53632576616226,-5.175646741626037,-1.859480301210544,-5.128480786617129,-2.427335187312915,-2.806630688387119,-3.835426799542086,-2.421734027259298,-2.421734027259491
F23,Times3,-2.42173402725931,-2.421734027254971,-3.835426803199664,-10.53626212406992,-2.421734027254866,-10.53629889393003,-10.53627077637046,-10.53627420294853,-5.128480786615703,-10.53625625558976
F23,Times4,-10.53627048215315,-2.427335200068498,-2.427335200074089,-2.871142705219206,-5.128480786515575,-10.5362803372486,-10.53633390724403,-5.17564667486747,-2.806630720799142,-10.53630096069397
F23,Times5,-2.427335200071416,-5.128480786618757,-3.835426803203696,-5.175646741625164,-2.871142705216284,-2.871142687373122,-5.128480785655296,-2.871142689951569,-2.421734027258659,-3.835426803207301
F23,Times6,-10.53626915650958,-10.53630845449695,-2.871142705229929,-2.427335200072933,-2.806630720797092,-10.53625516759226,-10.53637378294585,-10.53634660067989,-10.53639213462569,-3.835426803207421
F23,Times7,-10.53625486241362,-2.42733520006562,-3.835426803206049,-3.835426803196951,-2.421734027258287,-10.5363815393487,-2.871142684823345,-5.128480668928105,-2.871142705224803,-2.421734027259771
F23,Times8,-2.421734027259493,-5.128480786594873,-2.42173402725967,-3.83542680320598,-2.421734027258731,-2.421734017559657,-3.835426800902905,-3.835426781980977,-1.859480301216441,-2.427335200073928
F23,Times9,-1.676553250239004,-3.835426803199506,-2.421734027259526,-10.53632244102809,-2.421734027253426,-10.53630947184054,-10.5363155768392,-5.128480683842093,-3.835426803207585,-5.175646741641994
F23,Times10,-2.871142705227515,-5.175646741646522,-10.53637743247002,-10.53635514313561,-1.676553250239162,-3.835426750317086,-10.53627716877652,-3.835426777268141,-3.835426803208481,-5.175646741642883
