Function,Times,590,593,579,588,589,591,576,587,569,558,592,572,594,542,570,562,575,573,552,555
F1,Times1,4.389845159385393e-05,4.667121537669223e-05,4.82418750446649e-05,4.668081819383327e-05,4.989752904562823e-05,4.668125078373478e-05,4.944571721311232e-05,4.980717205404662e-05,4.992121832275519e-05,4.893860497959727e-05,4.828468110648503e-05,4.930028156106541e-05,4.955257073770847e-05,4.462916878018335e-05,4.564006395706637e-05,4.945874170354037e-05,4.924211459816481e-05,4.893905112867944e-05,4.315338621414314e-05,4.734067110332413e-05
F1,Times2,4.35012117958889e-05,4.873621708906951e-05,4.859147724545232e-05,4.992554440512547e-05,3.315638096227874e-05,4.31119688163543e-05,4.567160609995818e-05,4.298486219990089e-05,4.942026964157e-05,4.610738647054948e-05,4.723192410600566e-05,4.957026348482269e-05,4.903740847443604e-05,4.953410055534498e-05,4.280748985243605e-05,4.669575078925012e-05,4.766493676479687e-05,3.858339396442869e-05,4.464485013664065e-05,4.900581907048479e-05
F1,Times3,4.78482615636896e-05,4.998243349318962e-05,4.359521105546914e-05,4.732037213873829e-05,4.797098395237091e-05,4.894137255391579e-05,4.930573164220158e-05,3.985894564902668e-05,4.955554700975612e-05,4.90715726849735e-05,4.896926377614889e-05,4.992491984471144e-05,4.890274816814124e-05,4.796671420516803e-05,4.591681481695859e-05,4.894363274169895e-05,4.601906546821035e-05,4.877314879292322e-05,4.716400421031426e-05,4.470894905310064e-05
F1,Times4,4.219350054420943e-05,4.947700071526464e-05,4.523973242008363e-05,4.530417958524432e-05,4.694938133978471e-05,4.057736621616299e-05,4.932997251356243e-05,4.813467553383674e-05,4.848556245428319e-05,4.966655115155393e-05,4.456882888582729e-05,4.995669573303638e-05,4.913350555697482e-05,4.983063921716775e-05,4.837569819578708e-05,4.394903136038397e-05,4.425057700946413e-05,4.602097008121001e-05,4.923111965850404e-05,4.201924630527156e-05
F1,Times5,4.933715631665541e-05,4.914021924862766e-05,4.590469296831865e-05,3.507310450231671e-05,4.753847661229003e-05,4.996037820735743e-05,4.972798269911103e-05,4.888305969491216e-05,4.891411660377543e-05,4.868655636399542e-05,3.636416610816007e-05,4.990804870120757e-05,4.493739386118076e-05,4.737855937394666e-05,4.358496371520789e-05,4.175112167458732e-05,4.786388719619404e-05,4.929168777222798e-05,4.987549913267021e-05,4.672140067499634e-05
F1,Times6,4.917137233420745e-05,4.830503104159125e-05,4.869629876854826e-05,4.857278534212303e-05,4.71416339033248e-05,4.806899406168683e-05,4.756206588264784e-05,4.995578178718813e-05,4.935770013341783e-05,4.863398547635537e-05,4.938194931017862e-05,4.824381021842187e-05,4.936367876878321e-05,4.95926299343215e-05,4.988411831125514e-05,4.614221250905696e-05,4.94513374126715e-05,4.797634134608737e-05,4.946768422787894e-05,4.937394771174554e-05
F1,Times7,4.679779125677334e-05,3.932484178322973e-05,4.770740238145363e-05,4.905157047578443e-05,4.832991702074769e-05,4.819810237844986e-05,4.950985986018491e-05,4.283873430626479e-05,4.929952539612783e-05,4.995349744202238e-05,4.966736884774272e-05,4.522196901360951e-05,3.825540836460804e-05,4.817458188135757e-05,4.996894104270589e-05,4.842589877006815e-05,4.851051038018958e-05,4.928699665246426e-05,4.476878324637123e-05,4.946250835929313e-05
F1,Times8,4.956659265750572e-05,4.953655386420362e-05,2.157024582981709e-05,4.433139712112178e-05,4.888144926333019e-05,4.902832512067136e-05,4.72028089380734e-05,4.829280243981355e-05,4.075967376796582e-05,4.988096155089473e-05,4.666871335290799e-05,4.495405142153943e-05,4.931377512865164e-05,4.536652020284169e-05,4.610995694435137e-05,4.905908934602991e-05,4.991469303908589e-05,4.55409912759187e-05,4.528485111063539e-05,4.831187422534844e-05
F1,Times9,4.258433502318552e-05,4.761617005493185e-05,4.966168392616396e-05,4.678263638664234e-05,4.996200783979037e-05,4.943475728428334e-05,4.984290226903449e-05,4.730347856977553e-05,3.135862459082166e-05,4.76187819539841e-05,4.922343931092146e-05,4.904124371373304e-05,4.95858451049179e-05,4.24374939087584e-05,3.770553311085239e-05,4.986914158435143e-05,4.550273808094381e-05,4.87652813339755e-05,4.946685441164933e-05,4.990547809002664e-05
F1,Times10,4.909785153759331e-05,4.990907070580214e-05,4.977361233442014e-05,3.973837544419409e-05,2.899326263934905e-05,4.995042423201241e-05,4.461341632657802e-05,4.873170042086892e-05,4.485609650097098e-05,4.41855806060526e-05,4.988287200376455e-05,3.879025379742947e-05,4.9867272982845e-05,4.658184090442386e-05,4.939145972925643e-05,4.446781008174448e-05,4.832026209445113e-05,4.917844379142368e-05,4.360071496709805e-05,4.972197251988476e-05
F2,Times1,0.0101313146906752,0.0216228308763768,0.0214567531289899,0.0054255703242115,0.0061460688508723,0.0114036046591079,0.0065079529687104,0.0068814097703593,0.0023423736527654,0.0072796102409982,0.0135814781555305,0.0034332206504936,0.0243711427650581,0.0145990249425009,0.0016991489061841,0.0239310545803332,0.0082221771828507,0.0039280525666203,0.0020896401248757,0.0044341446096934
F2,Times2,0.0093708185427821,0.0227117978411079,0.0241354711457604,0.0057799064633184,0.0058880712912935,0.0118477354034047,0.0071913330939301,0.0062734819584032,0.0020785781405328,0.0083530877275099,0.0116038819916857,0.0041325815137895,0.0185720303522998,0.0163965070209144,0.0019770772055051,0.0176866408394817,0.0091825828223117,0.0028684407394205,0.0026950581812496,0.0035207148618885
F2,Times3,0.0116504517795203,0.0229322078724798,0.0189986070994163,0.0057171761356404,0.0069447992758745,0.0089369685319868,0.0069775695555731,0.0055554527192953,0.0021542363613246,0.0073045907171642,0.0076233963548223,0.0036372172732028,0.0294857816334102,0.0178567426521176,0.0023040343143704,0.0214520930374937,0.0088572290839055,0.0035900740566805,0.0020138203213482,0.0038799505176441
F2,Times4,0.0100869924364372,0.0215725144295633,0.0197031388490618,0.0074387320327745,0.0071667377984675,0.0122534620577602,0.0078433373858937,0.0063231747996283,0.0025264517463666,0.0070691045952693,0.0104310327805073,0.0027499924130047,0.0199109368583676,0.01725064999721,0.0020312701571175,0.0210822506484147,0.0070532941118588,0.0046156775757749,0.0027063350482595,0.0036137316486208
F2,Times5,0.0099676071843936,0.0281617676105481,0.0185219731784949,0.0064110302551125,0.0096521082528719,0.0110049851152007,0.007189769143804,0.0059726612281776,0.001882421342765,0.0072451248168687,0.0111352422431041,0.0035676880486794,0.0243357996784643,0.0146758102113775,0.0023404473158661,0.0191126774910941,0.0075510131485294,0.0040219984994099,0.0020288820460941,0.0037360265773223
F2,Times6,0.0092070399150263,0.0224983662272813,0.0231531774265656,0.006096353278262,0.006606470764578,0.0091749649359584,0.0077801037186597,0.0060656271709233,0.0023956730582052,0.0095359708696913,0.0110205697333788,0.0038602815167907,0.0247979241379001,0.0152601887346741,0.002938961684811,0.021933333412984,0.0062414568604773,0.0038446999535149,0.0026907218023851,0.0033441022727725
F2,Times7,0.0090555649145016,0.0221302755957903,0.0230034381781685,0.0068294203355368,0.0065209006334192,0.0120343934401298,0.0069831080936348,0.0083330451038126,0.0024013908793042,0.0085425335946176,0.0110527351360746,0.0050475192072187,0.0255694562629666,0.0181482813882381,0.0025286619613647,0.018168481058777,0.0080762405155354,0.0028790668383661,0.0026749548621995,0.004332473200005
F2,Times8,0.0112082529091118,0.0299271022268403,0.0209955132230699,0.0060462747916811,0.0061892472219446,0.0119102056018566,0.0094934829817951,0.0064780549931455,0.0022196984936851,0.0066493813205066,0.0084729987217737,0.0042157573818002,0.0264220575273617,0.0150714683465658,0.0021617789644679,0.0215559134317011,0.0078779495802427,0.0036089947304183,0.0024115425884022,0.0029920851441013
F2,Times9,0.0081820192135413,0.0243418485058122,0.0191609459849155,0.0061085102177301,0.0064695620214416,0.0097361363359924,0.00775797679992,0.0075792806973288,0.0023555330653661,0.0093562925199452,0.0090380081339172,0.0044721398564895,0.0261467367977525,0.017443257393066,0.0019469890301981,0.0192962696012637,0.0086083628266571,0.0037347287639158,0.0020836228470697,0.0041237048822754
F2,Times10,0.0110730548883424,0.0306725077556071,0.0202415267691202,0.0056980769159635,0.0047336504282313,0.0109647415387967,0.0099917501370832,0.005240655318041,0.0023993620863421,0.0091862488704677,0.0106772825490453,0.0041423653544933,0.021076024394226,0.0153532228893378,0.0021964854636909,0.0223888591229886,0.0103093476817346,0.004344307122592,0.0019382685652711,0.0039005401059258
F3,Times1,0.0002018074305856,0.0014332301275731,0.0009230262552252,8.574235363719118e-05,5.164450214723871e-05,0.0002878056794591,0.0003139838360611,9.016584744370207e-05,4.950717441058452e-05,0.0001071854367915,0.0001914447648885,4.47279398280395e-05,0.0009428384090586,0.0007673107802466,4.69645171909238e-05,0.0004964134884351,0.0002179566269429,4.90093731476029e-05,4.741993369794011e-05,4.688133484471188e-05
F3,Times2,0.0001816716743291,0.0007817731591847,0.0010348679425968,0.0001015355649531,0.0001260435597142,0.0003003537615422,0.0001406375617659,8.373317020549775e-05,3.886211629259619e-05,0.0001182461064056,0.0003385502292331,4.823778811933365e-05,0.0006609155211481,0.0007510375417255,4.659275095806416e-05,0.0008388594701332,9.545011712539145e-05,4.995501276952102e-05,4.987641084772643e-05,4.365705260125582e-05
F3,Times3,0.0001427198112842,0.0010181730324185,0.0010630303217793,6.632174574770098e-05,0.0001472105630301,0.0003245140771461,0.0001428238500595,5.642353970986571e-05,3.637508508311452e-05,0.0001285144899981,0.0001352192601947,4.951576922392238e-05,0.0010276524492467,0.0005103127567113,3.37212248619786e-05,0.0006370203632652,0.0002226085173744,4.824204487677863e-05,4.488547303611655e-05,4.987130864490397e-05
F3,Times4,0.0001527301124371,0.0007195432906866,0.0006250187859267,6.575876243432092e-05,6.028605617871197e-05,0.0003922646916541,8.749589278097206e-05,7.090856376899226e-05,4.846195664991886e-05,0.0002268969275775,0.0001665439328865,4.028079398648113e-05,0.0008131555293593,0.0003248255166238,4.327921884887729e-05,0.0014591327600465,0.0001455287420765,4.928293182019097e-05,4.982503256957447e-05,4.531777189214112e-05
F3,Times5,0.0002354040431303,0.0010566811707105,0.001008023454823,5.940599326046424e-05,7.378551920245555e-05,0.0003486305095203,0.0001428656753987,0.0001133244454902,4.625942612186972e-05,0.0001199995264099,0.0002029069414958,4.985596529342685e-05,0.0012313401527056,0.0005255674400423,4.60599542346322e-05,0.0008325282937385,0.000185098915958,4.940708036864414e-05,4.944173308880235e-05,4.911608679479515e-05
F3,Times6,0.0002405928928558,0.0006829160801424,0.000643195891704,9.612987051849888e-05,9.260243038432168e-05,0.0001402271484365,0.0001766786148539,5.001977478437995e-05,4.705524495930579e-05,0.0001521151558677,0.0004542103953762,4.580084995176406e-05,0.0006109633479873,0.0007867579437118,3.908518164065486e-05,0.0011765555305134,0.0001825746612501,4.857557592735161e-05,4.858270761956376e-05,3.89072101002883e-05
F3,Times7,0.0002066753728635,0.0012743364387155,0.0008823936308481,6.131388484995875e-05,6.155201470142688e-05,0.0003600721910221,0.0001293017066557,7.437578182397327e-05,4.207189331670395e-05,9.893300096833984e-05,0.000305718421536,4.712419686319869e-05,0.0007130518912112,0.0005663272678692,4.87268733572975e-05,0.0007504790604257,0.0001045656887021,4.560249300606496e-05,4.916477168638479e-05,4.865425199109293e-05
F3,Times8,0.0001967444344619,0.0013568499483095,0.0008903466043461,6.55128338114509e-05,7.127602539651711e-05,0.0002096615523709,0.0002150089121962,9.132087435904988e-05,4.939540247988643e-05,0.0001616825868459,0.0001530724139151,4.908575836024152e-05,0.0013617056367808,0.0009852705976888,4.849182977668478e-05,0.000578347027037,0.0001767296390819,4.21062675299418e-05,4.403044256116017e-05,4.981246088702604e-05
F3,Times9,0.0001851912006491,0.001576944695448,0.0009321671386684,5.273555091601867e-05,6.88614744141995e-05,0.0001738848556446,0.0001210671878804,0.0001466789851889,4.977415131930651e-05,0.0001793490365538,0.0002303844956863,4.973608516115736e-05,0.0011257429744787,0.0007789330072423,4.963400584801643e-05,0.0013879498258988,0.0001664106275696,4.932145538414371e-05,4.938546596027422e-05,4.666117704198033e-05
F3,Times10,0.0001476183596347,0.0008502883310595,0.000825036186081,7.342565494169087e-05,8.419104708044262e-05,0.0002068561359718,0.0001472897375625,8.300994628045046e-05,4.929080744557268e-05,0.0001034694414408,0.0002148942063351,4.944113926411042e-05,0.0007366448046679,0.000401664835655,4.887562869595643e-05,0.0006727017126825,0.0001200394737471,4.626926923866097e-05,4.977772530951415e-05,4.954498574074731e-05
F4,Times1,0.0097230925221956,0.0249697712163554,0.0193853391928722,0.0062649750436236,0.0057483197323497,0.0120364172856772,0.0099337414906175,0.0068120853960739,0.0022272359276647,0.008054156585086,0.0077026333452254,0.0044110907710229,0.0244631829831301,0.0195905268668301,0.0027194053771379,0.0178315219358462,0.0080018791244529,0.0032446802467992,0.0025849119583811,0.0037309178703741
F4,Times2,0.0100450970514122,0.0225069450881394,0.020507028616568,0.0072737879442525,0.0052667324148405,0.0090560961932558,0.0089483058971737,0.0071260592528457,0.0025467217071986,0.008652629284104,0.0091144737924613,0.004241210262066,0.0258540296823555,0.0135089285888256,0.0031673363275108,0.0152969573499293,0.0082216398218366,0.0035546988699804,0.0022621744932921,0.0042292046870242
F4,Times3,0.0074542509961093,0.0244478833013663,0.0191258212075609,0.0052005880377634,0.0062505122647631,0.0121776264008388,0.008577458244801,0.007415616401849,0.0033075081384222,0.0099096512186109,0.0090142385995874,0.003867470287987,0.021710849032174,0.0219539232537644,0.0024236040651514,0.0199118067167507,0.0091148645817291,0.003987773158078,0.0023876330868746,0.0030844767139206
F4,Times4,0.0077699425138486,0.0227862017696689,0.0284289868194775,0.0056423945294251,0.0049164490496212,0.0111003706388258,0.0101387062590747,0.0068412742323029,0.0027008505268877,0.0093781542725597,0.0116122630117816,0.0037233825932228,0.0251238425130624,0.0154168756831856,0.0020936651891053,0.0131439948528635,0.0085278677059368,0.0036581143178699,0.002194432016887,0.0037647062677554
F4,Times5,0.0097819855352797,0.0213105879754513,0.0175343426381666,0.0061127096795084,0.006279274899251,0.0099638966142863,0.0087869028165301,0.0060140520426956,0.002333360138045,0.0080525238422659,0.009030073568041,0.0046823905469546,0.0220177028337442,0.0201838169522967,0.0019861655413389,0.0258540953110122,0.006664117437096,0.0057721617515589,0.0023991675753374,0.0043780066418631
F4,Times6,0.0085544453627817,0.0196797656743459,0.0217182541067111,0.0065441077535727,0.0073953689956177,0.0135211883697775,0.0077592719206043,0.0064403698139879,0.002936816365631,0.0089769924146416,0.0078722836235792,0.0034320159117442,0.0182869367251634,0.0204193935740457,0.0027382727192388,0.0216129873464172,0.0087168525691809,0.0042140754557256,0.00188086062989,0.0029998585194838
F4,Times7,0.0090820976127138,0.0206973658682838,0.0204899761634056,0.0063093004414455,0.0050690960711841,0.0101366144861558,0.0094449751652072,0.0065291246906566,0.002623662820535,0.0099615534087778,0.0100268642834392,0.0044245628131922,0.0244281406889526,0.0191824568451108,0.002936093819939,0.0174345031528799,0.0090812538775595,0.0045090725498273,0.0020039749769045,0.0040235519730429
F4,Times8,0.0107531702138363,0.0289637210766828,0.0251268822362664,0.0053465862690239,0.0054665297436881,0.0122418085007466,0.0087938476142168,0.0066214867747735,0.0021707226874023,0.0082355364987334,0.0101323238978986,0.0033708537401937,0.0260799905802615,0.0162109146976918,0.0025833902853954,0.0209955607503098,0.0081047066902448,0.0037314537206607,0.0024462439804902,0.0032980601857341
F4,Times9,0.0103627931105733,0.0218887716337514,0.0191109373389464,0.0053131554732928,0.0061299277428018,0.0076867893398804,0.0084885974762449,0.0055657921036772,0.0030200828172137,0.0087706460901917,0.0112465777092762,0.0048678515076154,0.0267178570643993,0.0199676651757716,0.002213895813791,0.0178022622615987,0.0081171963225097,0.0044416504759845,0.0021976384893749,0.003939357039623
F4,Times10,0.0097544346734684,0.0209313175173937,0.0229462908933557,0.0056196620038364,0.0066014239410296,0.0104074608179789,0.0101395223515496,0.0070281075264092,0.0022290713421367,0.0079528644425055,0.0116959880532332,0.0038493384247945,0.0176345129895292,0.0177334935098372,0.0025953813454908,0.0276297718527578,0.0067999512658554,0.0040006335865774,0.0023377578656287,0.0038079150421946
F5,Times1,110.3380030234354,45.71677101032397,88.79805864693634,104.5574583806367,45.93017233226487,44.08745849587575,45.29380047028913,45.98451565551872,44.28873652050583,94.3403690835546,98.8961053155895,35.97429442856584,27.26759409647919,81.25502611100674,44.43440385907225,153.2743183451655,153.0709025335325,45.50432603328026,101.231912805377,45.14990538562618
F5,Times2,46.42418581746358,106.8167008246561,94.66706024710824,98.8813187838964,45.71835349344333,46.31698096987501,88.62673737161064,45.97445398850092,40.90515940412799,92.4746754367117,46.25070287506333,44.93685422967884,99.49598296038158,71.88809975579349,42.87744024456968,69.3979982117364,42.58496577321927,87.81898900930506,44.81671213424693,102.5100857062507
F5,Times3,40.05090247817014,85.15339012839776,87.25382728914502,45.86016617518229,104.8372287547569,46.20209602377967,146.1598096988592,45.25379670041116,39.99872191988429,80.84889647211534,99.63797282808322,97.32703553849544,102.0125574231748,87.19269435066137,98.13355518738388,76.59315546779851,34.9785022984654,107.3193043848485,44.32248442127481,78.34095735040945
F5,Times4,94.1116872232904,38.26146118499928,92.37529724466984,45.49512973105447,101.6736055641557,46.50536409771497,95.07802762416615,109.71286188208,92.48751049631352,42.25396371107288,46.15504309025449,43.06759511924827,37.35097452403141,32.63191129907896,44.44044059164867,152.6942403979194,99.24416410896592,104.2686954130334,43.25705762272406,101.1584264410136
F5,Times5,45.86112421675337,89.33694305404585,97.2767101965427,101.9102709041761,46.04825869074749,43.804590299535,93.41242590506094,45.26500131918895,107.3765121151635,33.42070540053231,45.54332818920803,102.9050577680997,46.75994673650288,77.29259061723312,106.4755737229824,97.4073061306097,91.06856220316372,45.1415619154633,44.50858112777525,45.34381092428934
F5,Times6,46.51930954772471,111.1639763281599,81.3724012644488,45.65110838157994,45.98560662570661,45.76641995067239,90.7428135928318,42.89350227309468,100.5259706887688,96.90409516669926,46.37101067088979,44.32345227095831,97.9597676546998,205.4021929215841,44.34137687408396,90.52228982235692,85.88830094152219,99.91188672068992,44.15769834938897,45.3338790616837
F5,Times7,102.4068190761783,147.5834918799097,92.92439306458613,107.0948644856693,45.93143234421738,99.86997688973824,96.87633682706594,40.36399449324156,44.64345054345381,100.0395004928588,103.4979531341811,24.80901646042944,32.08062900142573,80.17409171223476,92.66650306008474,101.5803664312078,88.35545224147847,160.7119182106442,107.1495280203892,45.35041545816811
F5,Times8,110.9826817490155,154.4772288572116,155.1352318212914,45.47353739136679,45.03400597050024,46.44518846105262,28.70584557582871,45.79593422162481,44.82265480448282,98.97616168616888,46.26146290135399,45.35500312426823,86.87896402448028,4.347106632833166,44.45839460561722,141.4340099847665,46.20470601157021,45.03425765250356,96.94677758551974,44.56664838275134
F5,Times9,95.05156030771212,38.53160025856128,156.7946713840024,45.82132007902158,36.87654033718751,46.30428252297784,135.1768255644243,111.3866115455875,89.55951947107334,94.37864734197728,101.3881320608472,45.20828887717008,148.3287148062675,142.6736239905108,97.99295294826662,85.39027646587365,43.39992093622451,92.19782580069024,42.96175700816695,44.51023550821843
F5,Times10,43.78812142555021,97.26626907517944,152.6796807719784,45.83531100475795,46.10024126018978,44.63219405061971,96.66299658998696,44.96711245254092,44.76076877613068,88.86448854755476,45.00803721391702,92.72269041211752,91.8604350143352,100.0784243014261,93.14760142282589,135.4780494791446,147.1260589108597,88.40337750264229,90.26724550006747,102.7188147977134
F6,Times1,4.925557271888589e-05,4.843275622696078e-05,4.602263435705665e-05,4.452635210478789e-05,4.698416611818583e-05,4.698631586983586e-05,4.896425380289824e-05,4.764942006789807e-05,4.501084391109162e-05,4.28777352134292e-05,4.970117408867694e-05,4.850766312091265e-05,4.969314623309288e-05,4.484980830977797e-05,4.84396445248689e-05,4.972517871867419e-05,4.906648397741767e-05,4.863055908884002e-05,4.206372098805674e-05,4.396784319197328e-05
F6,Times2,4.747693875343828e-05,4.428799349693367e-05,4.901706464038899e-05,4.856095372630068e-05,4.763699017957104e-05,3.215674283672762e-05,3.775609956131024e-05,4.4189422704768e-05,4.460638348448684e-05,4.941369826458752e-05,4.780025783812552e-05,4.691139205907588e-05,4.84072768372369e-05,4.837292692491493e-05,4.860328090794056e-05,4.659228477251485e-05,3.471863423241882e-05,4.80853070570096e-05,4.655254065399273e-05,4.953875334365226e-05
F6,Times3,4.82701735779195e-05,4.632531558726626e-05,4.894778448898005e-05,4.771451466035947e-05,4.35079412246008e-05,4.895505908264749e-05,4.795607856634594e-05,4.751682308624521e-05,4.971178112753845e-05,4.406180602911246e-05,4.759243341601309e-05,4.973832059517542e-05,4.967361837958769e-05,4.851398439281497e-05,4.692606373078542e-05,4.750478847585239e-05,4.450691355612694e-05,4.944717032984254e-05,4.78805707050311e-05,4.836156947885747e-05
F6,Times4,4.621199770851467e-05,4.396367198286876e-05,4.253841185779042e-05,4.931271463681959e-05,4.573713818296421e-05,4.576234524585727e-05,4.391971225720984e-05,4.703629481606415e-05,4.946773330216201e-05,4.8781332170966e-05,4.251898916440306e-05,4.989251776935499e-05,4.946715862010089e-05,4.774945260074712e-05,4.675843834244059e-05,4.796679774768027e-05,4.836933600867426e-05,4.572986435801363e-05,4.908507169807991e-05,4.84501108936238e-05
F6,Times5,4.704012903385259e-05,4.67027995931309e-05,3.835566762755596e-05,4.990272792383934e-05,4.976135777375486e-05,4.894795952658506e-05,4.501712800179454e-05,4.062252043567405e-05,4.934543219834004e-05,4.960727896838772e-05,4.834063789960862e-05,4.632826770270329e-05,4.797570111454569e-05,4.681893435478695e-05,4.890506482976626e-05,4.77256712256601e-05,3.294489259352703e-05,4.675810513274785e-05,4.871339187001781e-05,4.99963937400993e-05
F6,Times6,4.941398113140689e-05,4.597640614493514e-05,3.288785406030327e-05,4.801146241099538e-05,4.904028070712483e-05,4.72856947441172e-05,4.963979808191257e-05,4.894454641495176e-05,4.957289593468105e-05,4.987243112000344e-05,4.565654509814747e-05,4.714230161533352e-05,4.881978148922706e-05,4.910340444065136e-05,4.986924503519386e-05,4.966978760272073e-05,4.776416926166197e-05,4.9953405937536e-05,4.972544933826967e-05,4.587118423643181e-05
F6,Times7,4.971860290750665e-05,4.856378426168856e-05,4.859903508077774e-05,4.979462761542005e-05,4.132212786827699e-05,4.766714008301132e-05,4.989017864537899e-05,4.943737890460411e-05,4.954856652800838e-05,4.988657115744753e-05,4.983849741214042e-05,4.998589695302605e-05,4.907148744429493e-05,4.85253587136499e-05,4.919711308182361e-05,4.934914918433844e-05,4.99893241583368e-05,4.929013473109812e-05,4.689258749851933e-05,4.68477796444161e-05
F6,Times8,4.905740041301994e-05,4.518514656891417e-05,4.532493392873083e-05,4.515893256266173e-05,4.945735400294503e-05,4.91373869905164e-05,4.636702898581076e-05,4.694019989192472e-05,4.792447985825319e-05,4.9914612498999e-05,4.966586551260915e-05,4.934481212212048e-05,4.944968462735365e-05,3.168079408706171e-05,4.121116540375648e-05,4.379276590430398e-05,4.722439794772213e-05,4.949238712742119e-05,4.027365338005637e-05,4.813353495985042e-05
F6,Times9,4.956569875355895e-05,4.996360689565969e-05,4.989818489300849e-05,4.83344032502918e-05,4.457081548629194e-05,4.978286067826641e-05,2.96222538105587e-05,4.683320707626599e-05,4.855353644352363e-05,4.960601826713631e-05,4.9365393504807e-05,4.298368126583187e-05,4.40398167848702e-05,4.410916966182552e-05,4.970181560946158e-05,4.95705142566468e-05,4.592536178995479e-05,4.990568604246419e-05,4.298663021068138e-05,4.909342748808986e-05
F6,Times10,4.858676020617018e-05,4.596919163929937e-05,4.955924359497226e-05,4.652920122368507e-05,4.798967978903757e-05,4.953215283962417e-05,4.992971861976516e-05,4.910112514488018e-05,4.806151947685871e-05,4.946834743307485e-05,4.725305662691941e-05,4.947908075576508e-05,4.600463050802763e-05,4.404961262895968e-05,4.692946797382077e-05,4.420864433840007e-05,4.777300290318905e-05,4.506736813272139e-05,4.892004464251477e-05,4.85127077195059e-05
F7,Times1,14.15118187909965,19.46608409605383,26.53049195152081,14.62023258986376,14.26524522615675,15.79796193892474,17.35592716251188,14.93191083750834,13.2078054154109,17.49941905460114,18.71513149678816,13.50635703075884,19.34938885272981,19.70312936707702,15.78957203933228,24.80282371806236,20.88074277641274,15.35000225786042,14.39024172585992,15.03193830271711
F7,Times2,13.37695102252142,16.37555922428838,20.88356344223979,13.49645122084615,15.90083583761814,20.01443012486133,15.11919519898571,13.25103796977283,14.10027115073056,20.06272215307167,20.08356375704017,15.67491258154057,15.78299630772531,20.05348932640557,16.81816036203252,26.79531929773237,19.55053887409013,14.66930467606345,15.76557462578373,13.65508449517243
F7,Times3,14.07477534434726,21.12490560641577,16.68771376280975,18.90515433094961,15.09862670123218,16.77831130328003,15.81174277786722,16.03497532630984,16.41558957098515,20.39374703603291,17.73395166949086,16.1274591185473,21.10596402425996,21.78028734966868,16.36505146468074,19.57400193291783,20.1600603047406,18.24770695024132,17.05300397972864,16.30416670342308
F7,Times4,15.88389156359951,19.15048752563132,12.46924732487163,16.89675825301295,13.49872869703578,19.46736677665435,16.58160211029326,14.50445570387567,13.43406854779073,21.56743849642859,16.97054488271592,17.59631650156873,14.81341571590946,21.79246936777691,13.86025655234803,26.2827129922651,12.34846220024083,17.13912834876794,16.35693578653195,13.1481029552472
F7,Times5,15.26011091112296,17.79424334926558,18.88549750948788,14.24151582612835,15.64512535688057,17.66240290090193,18.96029201402029,11.88910549054081,17.04142748629559,20.87793523703413,16.63990668120769,18.04102082305291,19.90109492429204,22.0567427247037,16.98549941295782,25.65089314743722,14.79717127124831,18.73599211190191,15.64056014776689,16.43227231629353
F7,Times6,14.83089882522104,16.46333194907798,21.12138161204713,15.04088053490683,9.80981090032886,14.58140821112069,20.76520255450742,16.65896166748465,13.6036743889627,15.79408884267194,14.66933655727915,16.41455514823397,18.70007343659475,21.24745343403429,16.60231931979439,17.46539651548433,16.8220942465093,14.89300425551293,16.3678206086219,15.11715227099659
F7,Times7,15.79829923593853,15.69736378721391,19.12181381057482,15.95391635332005,19.55911893817783,16.09443773068842,21.40719221620095,14.47278827071987,14.46047119935152,21.73946669367322,16.73438789273393,13.23679874951574,15.68999940221692,21.24763599921449,13.98414516099234,20.38030252908709,15.86575897652124,16.79128256320858,17.20732192161709,14.53637213823687
F7,Times8,14.06916661963957,16.96016154632354,18.76615519075447,16.33947595105453,16.66715329736324,18.31564107997188,22.91387644690568,13.13106865899673,12.43871991598707,15.27552277466319,16.48311408119397,17.63163386565495,18.336866869925,24.67705028037729,16.48591539989487,18.44892045856184,15.51551754705043,17.03375028886542,16.38133193319405,18.70459603184336
F7,Times9,15.66283916426552,18.05067003108687,17.77749403874308,17.11010629790169,14.89751825078673,15.29317087323297,14.95664057244831,15.79463527930855,13.41254399411005,18.23187933142087,15.90111680039964,14.39994581289952,23.18647381077032,21.78441718197407,13.70232140196423,20.51548718178023,19.85010010866453,17.49833674681654,15.89999654287662,16.39242489444921
F7,Times10,16.30242059194735,19.53611374176049,20.9247330371349,12.87614824942387,19.4877800439274,14.29293198584869,20.89076278216515,13.18493139390855,14.10830096785585,18.34555237170778,13.96416743191477,15.96416453789969,18.5385480727553,23.63989668891585,18.19290364988629,25.0618987115387,17.54882197538883,18.79248362179964,16.98255970426688,17.40323853882844
F8,Times1,-15298.60408535335,-14668.55005888376,-15066.17988921895,-13684.0484116594,-15201.14393163069,-13126.22640782891,-15045.21100180769,-14176.52483507058,-16526.74191996124,-13877.27826729946,-13780.29160542682,-15816.17359871219,-13980.55578168443,-13722.54029900639,-14572.10406455805,-14237.32030744739,-16685.26042401952,-15752.70386530008,-13151.01254268667,-13778.4293261881
F8,Times2,-13643.3865349355,-13169.47167586806,-14454.40477968715,-13800.02589601511,-12277.34736491711,-14807.92825508709,-14373.99762859296,-15104.50002365395,-16208.93536753225,-13484.15988798622,-13378.96930927676,-16150.21961465497,-14370.92628580907,-15557.04064056733,-14194.6417500406,-13743.82260321189,-14887.07140149404,-15398.99509003724,-14590.61868543452,-15002.30222474809
F8,Times3,-14332.46047399615,-14788.45079443636,-13995.73045680669,-15161.50003136837,-14631.59859749178,-12557.36442402718,-15377.79622614231,-14432.84605952008,-16938.87016658573,-13918.22420590799,-12792.51417565859,-14648.94438684781,-13143.72109469247,-15064.93685297995,-15222.60535752532,-15382.1785744584,-14237.23903751485,-15121.6142260618,-12690.9731418819,-15137.3706066803
F8,Times4,-12677.09774061043,-13801.46222022281,-15477.91701200633,-13149.89619698375,-15065.0700724187,-14645.88196692472,-14551.54805373371,-13363.17158970531,-15734.66497263634,-12753.79720170932,-14135.67348430203,-15182.87994289138,-14353.99040894375,-14095.94771672169,-15676.4031827192,-15162.17468556068,-15775.42444454463,-15717.81448524969,-13564.75243675939,-12809.9341505299
F8,Times5,-13663.80772695584,-14730.90770986181,-14431.56246470232,-13564.35094898399,-13683.10462089626,-15461.35113162681,-15593.00998265704,-14492.51398540273,-16191.73718472043,-12358.36149744422,-12100.42108278218,-15558.51365293619,-13189.3223099456,-16089.87587822877,-15974.53064030412,-13285.11159619664,-15578.11365333215,-15578.30530870625,-14178.07208680589,-13702.74974231062
F8,Times6,-15301.19242499966,-13620.80323302932,-14650.17514620805,-14492.05434954064,-15222.35394234873,-14532.94238301052,-14335.8596407445,-13697.73621852849,-16425.44002638929,-15358.0725431151,-13859.32064560153,-15893.54285208528,-13347.41569059562,-14829.50765907586,-16089.95390091647,-13701.00380353685,-15063.37196517973,-15814.75795307112,-15125.60322761004,-14291.84560988211
F8,Times7,-14707.53996015412,-13979.14010961736,-13563.05841648355,-14532.12613724025,-14237.35321028897,-14353.69796713402,-15300.24863457672,-14233.72352845742,-14671.69671477067,-13191.05710147754,-14787.91150305356,-15594.9301674466,-14098.60484733341,-14531.89610476747,-16387.57767418686,-14528.83591093702,-15259.06428288172,-16050.55002527852,-14255.00777996478,-14783.95427610209
F8,Times8,-13542.30237220482,-13663.25398395836,-15046.34993649898,-15066.02879166004,-13802.99043050945,-13404.08191694943,-15559.90593222696,-13743.66114193844,-15792.8153546443,-15813.63201670559,-13663.28688931536,-13722.07222691124,-15319.93616390671,-14648.74996608173,-14866.0951480481,-14117.30593574528,-14827.93162406509,-15459.88083056278,-15617.32811024729,-13901.62435079834
F8,Times9,-15160.72614113425,-16349.42907743368,-15658.47870323531,-14847.72760101993,-15103.95965634304,-14826.66519625526,-16366.4372475101,-14906.55698674072,-15559.96654691689,-14352.55137473252,-15576.79939582619,-14967.83494860774,-14887.15213007303,-14471.15853677077,-14908.47470525156,-13643.5414509458,-15277.35002615922,-14767.90977190394,-13564.68127022924,-13619.24105477331
F8,Times10,-13860.60417106281,-14493.83777578141,-14709.41362764038,-14331.95137095349,-13167.34224729361,-14769.90142106244,-14806.72268524068,-12260.75811708249,-14388.68388237138,-13643.5058409616,-13091.74581460405,-16428.53854130894,-12595.47547954904,-14926.74820148282,-14709.57563287871,-13151.296856687,-14276.68857320221,-15183.25884723679,-14056.07690385643,-13031.59757110334
F9,Times1,0.0010116062296763,0.003072855848007,0.0036120139803728,0.0002986103791648,0.0005001093018375,0.0005823858379923,0.0002647650813809,0.0002226551595914,5.334377341270624e-05,0.0004309007736527,0.0005593259695579,6.231220309516061e-05,0.0026142695175188,0.0016623891383282,6.109109999918871e-05,0.0040332082388037,0.0005662199874301,0.0001046178925019,7.11337564478498e-05,0.0001415133093694
F9,Times2,0.0009835032172205,0.00472904335167,0.0026532784177035,0.0004409722836307,0.000206643464347,0.0008499944072895,0.0004195128137638,0.0004086460415404,4.993807543307582e-05,0.0005306728282459,0.0008663125917696,9.65013834068884e-05,0.0022703739580069,0.0020076191571494,4.899518822476523e-05,0.0031710651563034,0.0006485728163259,7.44864834132386e-05,4.937288940176643e-05,0.0001367217752452
F9,Times3,0.0005863402303987,0.0024839986378175,0.002246781790717,0.0004696133496242,0.0002831852217806,0.0009747289340715,0.0003727226753102,0.0001820502348675,4.998199549888227e-05,0.0004463061661823,0.0013363352749937,0.0001177868176185,0.0032661506108322,0.0044599533793672,3.363045914817064e-05,0.002759509467598,0.0007021456106528,0.0001260863396179,4.826557265680265e-05,7.999477275788536e-05
F9,Times4,0.0006555669221519,0.0071325337231584,0.0035412171130886,0.0003343196640788,0.0002837804414017,0.0008996832458993,0.0006095695685655,0.0002581635936458,4.789753605827229e-05,0.0003059758544647,0.0006844267103769,9.314516434599796e-05,0.0028085375841975,0.002814982795634,4.980593006465028e-05,0.006251760361069,0.0003437130519881,9.628487357460358e-05,4.852772553398665e-05,8.876825204673366e-05
F9,Times5,0.0005758166387455,0.0056500692463892,0.0024853411672349,0.0001228902232348,0.0003894279094271,0.0007458203238055,0.0006032430419118,0.0002040344289007,3.929764845267414e-05,0.0004543278499085,0.0007348331692185,0.0001214979514134,0.0040093481973944,0.0010889631202672,4.339482184079202e-05,0.0038712667429372,0.0006840828356491,9.978741110217015e-05,3.985898433711554e-05,0.0001160956715526
F9,Times6,0.0008211532374851,0.0021677161505984,0.0030046965305814,0.0003976409456445,0.0001630232809439,0.000811498392828,0.0006137542054656,0.0004400923821155,5.809432891190625e-05,0.0005151075581455,0.0006874752086805,5.661215833363542e-05,0.0026858558774627,0.0020223118613618,4.242629940165443e-05,0.0017768457736799,0.0003524879530001,6.990807261075815e-05,3.754270251299374e-05,0.0001124155574263
F9,Times7,0.0015575620731791,0.0062436468028881,0.0042263718002431,0.0003853334944441,0.0005079730530095,0.0009751532134938,0.000396058837861,0.000196666707886,4.593685655507329e-05,0.0005853814525238,0.0008543713084598,0.0001080600592135,0.0054356627941736,0.0033737185989295,4.955222654956515e-05,0.0029464779257732,0.0004554577074031,0.000153307646709,4.734280586049522e-05,4.927149644018414e-05
F9,Times8,0.0010508947071503,0.0045369297915165,0.0028234150140562,0.0002859428172694,0.0002652426357343,0.0007760729117567,0.0007443845610595,0.000253799842147,6.553348971394257e-05,0.0003957033817023,0.0008252456153705,9.199550066618656e-05,0.0049432337842425,0.0021117273407931,4.284268348442311e-05,0.0033647240049106,0.0005503630676848,0.0001080394332149,4.820810961092548e-05,0.0001097658305617
F9,Times9,0.0007681025675463,0.0063644967615221,0.0036842004805937,0.0002519495692876,0.0002469053225073,0.0006342661745204,0.0005156704400288,0.0002780939258055,4.940998007363362e-05,0.0005121626781843,0.0008181019059438,0.0001789161518388,0.0036006223667488,0.0009840602964299,4.840884681023283e-05,0.0034086621412416,0.0003167128443166,8.164016102973903e-05,7.547256877060704e-05,0.0001281566467632
F9,Times10,0.0008011932946825,0.003167531662914,0.0033197640796096,0.0001889253557365,0.0003131673426768,0.0008347680267064,0.0003331033987894,0.0003954087417454,4.808249661003572e-05,0.0003731441844614,0.0005796011527472,0.0001429124006993,0.0020793358806727,0.0015804993400418,4.717864479530931e-05,0.0028609609007386,0.0004844831836603,0.0001938587091956,4.37905071759559e-05,9.740345894471147e-05
F10,Times1,0.0011697870967957,0.0025854967886438,0.002348963715665,0.000532188019978,0.0007456380376744,0.0009185059360277,0.0008186522326596,0.0008599432538609,0.0002730755629443,0.0009788492428661,0.0012244604176423,0.0004146807381886,0.0031827815838774,0.0020245760396981,0.0002356850648794,0.001933963618196,0.0011068527568269,0.0004253174630513,0.0002719522210554,0.0002617200958283
F10,Times2,0.0012723048691647,0.0028488529316774,0.0024946989996266,0.0006048432934058,0.0007963056152426,0.001272820180791,0.000933926175815,0.0005714378006338,0.0002617446031401,0.0006525517064552,0.0010447918210516,0.0003861528226245,0.002766797347256,0.0022786401887451,0.0002285725530448,0.0014495957577196,0.0007911322068849,0.0004272399624518,0.0002720991496296,0.0003937503650739
F10,Times3,0.0010474977836736,0.0029598350486992,0.0022138738056618,0.0007557371818869,0.0006086763884454,0.0012329376788144,0.0008593339155105,0.0005593345304291,0.0002577595399522,0.0010360316587245,0.0012662433615062,0.0003926016901338,0.0021823459426357,0.002074269458145,0.0002662860793982,0.0022214812123841,0.0009672130405782,0.0004913965915811,0.0002805701539863,0.0003908375054244
F10,Times4,0.0013484539662833,0.0019665293225479,0.0020400080875226,0.0006503142486131,0.0010319120463044,0.0012432637211219,0.000828067905207,0.0007187217479582,0.0002826591917362,0.0008452490053834,0.0010183378263377,0.0004875521608447,0.0028864540076689,0.0016955220102161,0.0002652778885554,0.0026021928431063,0.0010374666240373,0.0003534850062969,0.0001894820138872,0.0003726824899672
F10,Times5,0.0010320439586948,0.0024579932581687,0.002419688720046,0.0006941418893227,0.000886772109311,0.000994557236627,0.0007032252884258,0.0006873924637638,0.00030005543287,0.0011948674461166,0.0011795024069876,0.0003662915978992,0.0029978816183806,0.002020058104037,0.0002269828290302,0.0025524135416681,0.0007414875136646,0.0003925864163818,0.0002498043795498,0.0004299664376965
F10,Times6,0.0011754553900651,0.002560100629168,0.0050705270094404,0.0007522058182978,0.0006328672396769,0.0009869434857456,0.0007945859207794,0.0006764057128343,0.0001866464001736,0.001071020563323,0.0008337037895032,0.0003572883693934,0.0020170027734955,0.0019325323364007,0.0002602580526094,0.0025735974760578,0.0010043153384167,0.0003320719958779,0.0002095905558334,0.0004960952107779
F10,Times7,0.0012262010836607,0.0025656871185226,0.002948066868182,0.0008195815373781,0.0005341605224877,0.0012556269109644,0.0010271931170073,0.0007586923029556,0.0003055946229864,0.000704500320662,0.0011023019953775,0.000493529625416,0.0028495559352528,0.0020819405363781,0.0001887749793283,0.0019112619585612,0.0010952153714427,0.0004809152349984,0.0002908205141558,0.0004410455297687
F10,Times8,0.0010619919677772,0.0024620329507634,0.0020463154954804,0.0008371010705836,0.0008594414001059,0.0010600090545018,0.0010613722613541,0.0007609047678016,0.0003409719310312,0.0009341357447176,0.0010548837548363,0.0004131737515891,0.00226666770223,0.0019345157296939,0.0003229039346557,0.0029102460939078,0.0007434030926489,0.0003975091142116,0.0002807092126388,0.0003741949885238
F10,Times9,0.0010592459605511,0.0027801599107775,0.002354818657885,0.0007909843589608,0.0007799949027926,0.0008447459764191,0.0007917225969968,0.0008125200271003,0.00027109678296,0.0008097071309585,0.0013427668735914,0.0004594115508318,0.0024780821764451,0.0018335055008229,0.0002713884720009,0.0030764526573747,0.0010519768603138,0.0003278012593064,0.0002579815927639,0.0004276294646068
F10,Times10,0.0009471807123127,0.002905626730385,0.0021673075986683,0.0006719770631136,0.0009179142560284,0.001704950489664,0.0012501898233558,0.0006184696666053,0.0002267168028069,0.000771775037677,0.001178709089288,0.000518283030221,0.0023586531350936,0.0016664506896724,0.000267385542326,0.0018842042689648,0.0009820926611219,0.0003547153245477,0.0002582547993021,0.0004950153169858
F11,Times1,0.0073961742719326,4.855370059242414e-05,0.0123171092775056,4.18650376080576e-05,0.0221562997539407,0.0098650556800899,4.871383688975772e-05,0.0073960717812742,4.933022008857257e-05,4.680671523038527e-05,4.913163072972626e-05,0.0098573165377408,3.691904463543061e-05,3.744116684634147e-05,0.0394070855899949,2.621739618902108e-05,0.0073960905343678,4.140803618024602e-05,0.0073960453736294,0.0098572976428273
F11,Times2,4.999055653254203e-05,0.0073971331818911,3.750117124767804e-05,0.0073960751005901,0.0073960804364664,0.0270935103147553,3.828534373973014e-05,4.672958327200938e-05,4.849581109955814e-05,0.0073961153056689,0.0098573952033746,4.440090864421542e-05,3.4137561956471e-05,0.0098577587669228,4.979409297367621e-05,3.111352877138707e-05,4.762292393112322e-05,3.956708728936054e-05,0.0123160850685457,0.0172410548360485
F11,Times3,0.0319670659328348,1.240800710788914e-05,4.916346774619385e-05,0.0098647436518967,3.60401351467976e-05,3.304424738936884e-05,4.904861657140103e-05,0.0172361819017741,0.0073960640546738,0.0073961099774697,0.007396130335275,4.990612836308639e-05,4.845001703979168e-05,4.895681127947693e-05,3.658902694436694e-05,2.854396285545402e-05,0.0098573882092272,0.0172410402817601,4.999304281272376e-05,4.363152878872345e-05
F11,Times4,4.531109466010541e-05,0.0147814112184155,0.0098577618454697,0.014772472929861,0.0073961247915341,0.0147726659510111,4.927084910466561e-05,4.588968013230499e-05,4.906224747525112e-05,0.0073961547598851,2.187884937587814e-05,0.0098573040299134,4.990915797065121e-05,4.842230715607077e-05,0.0073960526472306,4.90472226455374e-05,4.459803571477128e-05,0.0123160909929237,0.0073960522614496,4.344102937747785e-05
F11,Times5,4.732697634757255e-05,4.974744596886183e-05,0.0172418696960153,0.0147724526418957,0.0073960794390168,4.058903065307096e-05,3.138311495032298e-05,4.980788282082926e-05,4.999076008938008e-05,0.0073961095661663,4.313163834734901e-05,4.957982520814586e-05,4.99854399181876e-05,0.0073964344926447,0.0073960514663178,0.0073966866885568,0.0073961064781195,4.935098361669166e-05,0.0147724116614016,0.0098573047986239
F11,Times6,4.886308526730332e-05,4.102712579967527e-05,3.588559082423615e-05,3.572611797342251e-05,0.0073960865355751,3.890044275833837e-05,4.934679619528204e-05,0.0098573432283392,4.759316611335773e-05,0.0318988589578238,4.721109195893192e-05,0.0123210261564777,0.0073966447831291,0.0098575896294444,4.852943948374655e-05,4.656615308706868e-05,4.104962203199669e-05,3.421799190361785e-05,0.0073960530548519,0.0319717076057518
F11,Times7,0.0073962076048461,0.0147732564875126,0.0147806972696665,0.0246027460628434,4.858514772054789e-05,0.009857545783719,2.401991346301369e-05,4.837453310180262e-05,4.964411111163525e-05,0.0172264128130134,0.0147799668000349,4.993920089324533e-05,0.0270620555181684,3.386436751739996e-05,0.0073960437151633,4.65633587473091e-05,0.0074004686299324,4.978898211560612e-05,0.0196900049095699,4.934981909254788e-05
F11,Times8,0.0123210667918919,0.0098579945508082,4.358004353099965e-05,0.0073961093869521,0.0073960711371572,0.0073961871914051,4.823163307332567e-05,0.012321041722673,4.281844212661312e-05,4.602899295191865e-05,0.0073961583195316,0.0098646942904524,2.845115416250099e-05,3.709268469798133e-05,0.0612265741580373,4.827094806625354e-05,4.042612763766051e-05,0.0123210009570293,4.650172490749949e-05,4.804126350621551e-05
F11,Times9,3.327341253933636e-05,4.995715202082973e-05,0.0073965598816824,4.127692707178721e-05,0.012321073590099,4.999817659057104e-05,2.452323978341386e-05,4.821330733928431e-05,0.0098646827238289,0.0098574746931077,0.0123163690033868,4.724725029403576e-05,4.53945232087305e-05,3.068288518481843e-05,0.0073960466687971,0.0123217209843374,0.0073961828653791,4.974458554962702e-05,0.0245733000246274,0.0245904631462078
F11,Times10,4.365970577313583e-05,0.0196903452322434,4.3764301264404e-05,4.994859968721066e-05,4.832598997994708e-05,0.0172411652788407,4.375267777789738e-05,0.0073961075115253,0.0633895780119522,4.591884137739033e-05,0.0172266051012374,0.0172361246753044,0.0073964063994663,0.0271831180560524,4.99084212796097e-05,0.0098579695818191,3.891572837888546e-05,4.811730088705168e-05,0.0123160886246309,4.634057610441999e-05
F12,Times1,4.760652174220323e-05,4.757164170527393e-05,4.896500294925571e-05,4.949650382267795e-05,4.687828209528122e-05,4.996934732350568e-05,3.648448774744569e-05,4.708010927365367e-05,4.776439963032218e-05,4.779327884148881e-05,4.617776656920766e-05,4.922942773543332e-05,4.998710263535621e-05,4.902149554836773e-05,4.679358795869325e-05,4.953024909422815e-05,3.654256495267376e-05,4.950667653309082e-05,2.091903531589262e-05,4.9458632426235e-05
F12,Times2,5.231107508190043e-06,3.710332267605502e-05,4.836491371238433e-05,4.96579146130532e-05,4.969027942449618e-05,4.892854140977035e-05,4.559284827594544e-05,4.175470172095266e-05,4.819512192777182e-05,2.9170727421162e-05,4.810169921292109e-05,4.250472159446633e-05,3.76372609479275e-05,3.075781753050241e-05,4.772070538249187e-05,4.824688591272385e-05,4.753838960626423e-05,3.849303085483128e-05,4.992426896965669e-05,4.9654857152784e-05
F12,Times3,4.793888346158059e-05,2.189002556943033e-05,2.953968770615584e-05,4.872608083662877e-05,3.795106976422567e-05,1.540048261918257e-05,4.493721131353593e-05,4.999905375044115e-05,4.986822986039797e-05,4.763263271062602e-05,4.160224988943832e-05,4.569728083759055e-05,4.473340827583127e-05,4.78803574967237e-05,4.58246979093433e-05,4.845092804175899e-05,4.398376993912274e-05,4.624822165937252e-05,3.587552651388806e-05,4.757950074989287e-05
F12,Times4,2.66409641455848e-05,4.928391489357929e-05,4.740286556576849e-05,2.607007720091696e-05,4.87493229205749e-05,4.908057207300167e-05,4.988661263608528e-05,4.214267889470857e-05,4.853501308122866e-05,4.405557937053547e-05,2.431472503636759e-05,4.975720146666065e-05,2.724598063700119e-05,4.572083070391664e-05,1.966698803412837e-05,1.753235396077007e-05,1.811261237607993e-05,4.76538439866026e-05,4.795950055055593e-05,3.800602839979278e-05
F12,Times5,4.45783627848413e-05,4.915738591351027e-05,4.984232331804924e-05,4.798820057688756e-05,4.990011672024463e-05,4.904398653589405e-05,2.757662490254509e-05,4.612806046074167e-05,4.855710163439395e-05,4.407219289736263e-05,4.618894626603629e-05,2.094674909142683e-05,4.760791129839083e-05,4.998978169190756e-05,4.515424280023182e-05,4.900533426113409e-05,3.010944916792694e-05,4.603790579464629e-05,3.305486752516631e-05,4.203405629183021e-05
F12,Times6,2.50665081640441e-06,4.655204361319464e-05,3.490566833857177e-05,4.892963869127588e-05,4.989748201675355e-05,4.878256978374795e-05,4.341725182638854e-05,4.735915173786382e-05,4.990466718062058e-05,4.420428871922852e-05,4.644349221462429e-05,4.786729353494376e-05,3.392464649348214e-05,4.938747785818894e-05,4.876798049869876e-05,4.959383098358253e-05,4.881499101366186e-05,4.77199388834862e-05,4.916980140388876e-05,3.175347280606501e-05
F12,Times7,4.975755424902885e-05,4.998231083130509e-05,4.985990994557158e-05,4.31623719129662e-05,4.973877439573703e-05,2.74227190631716e-05,4.866494009720828e-05,4.419617587095897e-05,4.475249250854319e-05,3.874670406299374e-05,4.58757890226675e-05,4.9038215482471e-05,4.719619277843654e-05,4.622097950909833e-05,4.949471568739576e-05,3.881328424242073e-05,4.179624482152541e-05,4.960138295539094e-05,4.754425380870356e-05,2.848105571615235e-05
F12,Times8,4.989967020516744e-05,4.663741473500091e-05,4.694840575060613e-05,4.766751171111164e-05,4.722791631436809e-05,2.868789344491331e-05,4.616336941948765e-05,4.996651086861066e-05,3.614540729811126e-05,4.991946729669254e-05,4.983732677321255e-05,3.514977243279606e-05,4.885976747775517e-05,4.48995427025396e-05,4.994372437273353e-05,1.762934503390076e-05,4.553749435707635e-05,4.824155683381371e-05,4.775447627494677e-05,3.782260528475413e-05
F12,Times9,3.800682167747055e-05,4.131478604729999e-05,3.766459918274395e-05,4.940427442148652e-05,4.251087840191095e-05,4.903612994989689e-05,2.274973461701721e-05,4.75327135514316e-05,4.94656555115094e-05,4.049544165532974e-05,3.879042861936501e-05,4.976847441837514e-05,4.939692168119226e-05,4.981618631059802e-05,4.9256996940054e-05,4.657921923830393e-05,4.942060500160718e-05,3.732806458449015e-05,4.127197046224463e-05,4.640791270913471e-05
F12,Times10,4.867414465824051e-05,4.786686137418622e-05,3.955117246023944e-05,4.842202510043026e-05,3.989218541218207e-05,4.973321746454963e-05,3.834759865417077e-05,4.727652276909626e-05,4.630176631010722e-05,4.964982591537807e-05,4.81167299274777e-05,2.761746706727147e-05,4.700506856124714e-05,4.942615283759749e-05,4.715970772218222e-05,4.514508757118381e-05,3.455677473475436e-05,4.74059834783526e-05,2.272452702406028e-05,4.840713833232408e-05
F13,Times1,4.541875684820959e-05,4.606439439233182e-05,4.726605407726913e-05,4.54117901895788e-05,4.945656224313166e-05,4.920190910720215e-05,4.546044696961382e-05,4.943162081308206e-05,4.83971031210127e-05,4.200691068172444e-05,4.700409087467183e-05,3.486381433591772e-05,4.389854041466704e-05,4.966245696525332e-05,4.315036200221157e-05,4.511787577795928e-05,4.956511904619435e-05,2.65377557673967e-05,4.93064762616908e-05,4.976013503961456e-05
F13,Times2,3.311234855808326e-05,4.828276787636085e-05,4.651390024678864e-05,3.769298640670583e-05,4.957410714989663e-05,1.091691218890521e-05,1.843006532714789e-05,4.373953020283847e-05,4.977457195797187e-05,3.876878291934725e-05,2.645852395529697e-05,4.150728104145655e-05,4.504228480127538e-05,4.57355167228622e-05,3.805347554630144e-05,7.538835656125644e-06,4.967743576901353e-05,4.927693474613346e-05,4.850515161111435e-05,4.556533222582069e-05
F13,Times3,4.962571219471322e-05,4.949293877846822e-05,4.56662445593318e-05,4.826502461291941e-05,4.977564346887416e-05,4.704192204746971e-05,4.942573956704115e-05,4.858398433376772e-05,4.952099980572679e-05,2.689528074886214e-05,3.747652158406393e-05,4.95497463329404e-05,4.478458270879674e-05,4.905782524414684e-05,4.508330038197939e-05,1.385171580203215e-05,3.845861955250056e-05,4.997420845280807e-05,5.265877924375711e-06,4.982215162492248e-05
F13,Times4,4.933609079040094e-05,4.798674218008698e-05,4.682084434453888e-05,4.973228664933901e-05,4.435851861593846e-05,4.818925168085732e-05,4.606669064902118e-05,4.778682752003089e-05,4.762664910406112e-05,1.554164491803069e-05,4.873568138221481e-05,4.940069937781083e-05,4.027614859000807e-05,2.075624676280574e-05,4.810447447290628e-05,4.800349015571714e-05,4.43611423228019e-05,4.849686920548765e-05,4.99148717913524e-05,4.385988713858774e-05
F13,Times5,4.938940728495964e-05,4.957363697033476e-05,4.943176107188388e-05,4.673733665080613e-05,4.63845499967286e-05,4.981220935529316e-05,4.313145057489181e-05,4.995310680777094e-05,4.75886638843568e-05,1.894288865992688e-05,4.677684377462438e-05,4.938267112213599e-05,4.641395025647699e-05,4.924212337054003e-05,4.641523907282737e-05,4.914604525070736e-05,4.978864821699192e-05,4.587706253353473e-05,4.935191544367476e-05,4.358512066949644e-05
F13,Times6,4.983630099368518e-05,2.502360240056636e-05,4.413818957802526e-05,2.991791411930128e-05,4.883188084005598e-05,4.977283731392834e-05,2.63766885089726e-05,4.944330862582944e-05,4.978150403727537e-05,4.797328616678917e-05,4.20184014229165e-05,3.465591890948363e-05,4.196782505593696e-05,4.691057974330291e-05,4.992545203761888e-05,4.886672362678339e-05,4.989040517939313e-05,4.985921910228257e-05,4.137481356423589e-05,4.394186696108738e-05
F13,Times7,4.166422094328617e-05,4.924244678752028e-05,4.913836172911319e-05,4.654361032133331e-05,1.919640093649716e-05,4.317697506264776e-05,3.752877355997017e-05,4.851325517172465e-05,4.939853775603578e-05,4.864991865020099e-05,4.869044630999349e-05,4.998642704591156e-05,4.932029115469437e-05,4.465930823879447e-05,4.985626902227676e-05,4.754981535245083e-05,3.902274742543087e-05,2.037653446876765e-05,4.723683944328494e-05,2.845605176622186e-05
F13,Times8,4.202995888180896e-05,4.530178822424369e-05,4.737016222748023e-05,4.874844212953536e-05,3.845247296155926e-05,4.666380546275309e-05,1.843895203185548e-05,4.385624386946176e-05,4.305820466189599e-05,4.794307307528967e-05,4.310454335319041e-05,3.71215264865921e-05,3.99910837798247e-05,4.988210561816708e-05,4.644595721621141e-05,2.17401795824194e-05,4.665319629661412e-05,4.390836630740263e-05,4.749834475569545e-05,1.940342598713627e-05
F13,Times9,4.954182226102514e-05,1.775367461879565e-05,4.691268304348563e-05,2.935706198501917e-05,4.693251742855634e-05,4.838814665955406e-05,4.933616724103776e-05,4.386186330740646e-05,4.870362381361406e-05,4.33442276473228e-05,4.664012808450591e-05,4.970610372089499e-05,4.892101844982682e-05,2.345377712229254e-05,4.95219613950347e-05,4.89702850192513e-05,4.776038343227219e-05,4.715001782327045e-05,4.785553882695778e-05,4.795441649834939e-05
F13,Times10,4.994240314449123e-05,1.67252899259369e-05,4.888548332491079e-05,3.475989331894017e-05,1.718276388551631e-05,4.882947035307816e-05,3.480120858595636e-05,4.899667102060526e-05,4.979021751646934e-05,4.798794993983906e-05,4.188365657377409e-05,4.668522600356304e-05,4.971862872394961e-05,4.378606940810055e-05,4.847748443358316e-05,4.996721201064091e-05,3.735085368279273e-05,4.319876517900584e-05,2.691570746033963e-05,3.027962761230546e-05
F14,Times1,0.9982377477067386,0.9980080610369472,0.9980101986243242,2.982105156817114,1.992030900220916,0.9980966759273506,0.9989838604643378,0.9991252988914407,0.9991451039969376,0.998090805764048,1.992030900224949,0.9991893006311944,0.9993808685887764,0.998076079604551,0.9981296946029384,0.9981446425923768,0.9981050748736684,0.9980150871477104,6.903335694220142,0.998003945325982
F14,Times2,0.9987361068483857,0.9980038502422286,0.9980151979847832,0.998481529204503,1.99203090022312,1.992030900228286,0.9983795070922356,0.9986523865941872,0.998003839715286,0.9980038381720696,0.999070707917534,0.998268866760856,0.9980038395816676,0.9980056747263116,0.9981301344876176,0.9980123306363732,0.998444186007114,0.9980369120662164,1.992030900220717,0.998008471397634
F14,Times3,5.928845125403874,0.998832597659982,0.9980041107052926,1.000043129703871,5.928845125405807,0.9980159687087424,0.9981742890352202,0.9987428724200677,0.998586092271323,0.9982853057928376,2.982105156818041,0.9981356725152508,0.9993053111336632,0.998046435891875,0.9980710970118448,0.9992811878742696,0.998409975052104,0.9995315456163314,0.9988687986733236,0.9980042761029818
F14,Times4,0.9990115535290766,0.9980146185377484,0.9996576437807464,1.992030900222451,2.98210515681714,0.9993187948650076,0.9980598281937028,0.9980427907040128,0.9980043727188151,0.9981311746642983,0.9984301322587574,0.9980038380604824,0.9996427307091516,0.9980126312528698,1.992030900220717,0.9983670308326252,0.9987081647784736,0.999954515929377,0.998095003491799,0.9980654379966672
F14,Times5,0.9988765261692047,0.9980038394396636,0.9987802678610828,0.9980082450827316,0.9983776799410574,1.992030900221671,0.998003983375098,1.992030900224616,0.998077642080201,0.9980043522341856,1.992030900221675,0.9983466906169222,0.9980692636673548,0.9980040369792804,0.998415506452891,0.9984612300238448,0.998051706236291,0.9980538594845534,1.992030900220717,0.9989428902662169
F14,Times6,0.9983989293456784,0.998415834336202,0.9996923286989512,2.982105156817533,5.928845125403239,0.9995930324098814,0.9995016203661484,0.998231916574904,0.9980299812528344,0.9980143028233562,0.9981788647761322,0.9993034474599248,0.9998544765119524,0.99806739567399,0.9980127466714388,0.9980038427727556,0.9986460458905668,0.9993948670372012,5.928845125400148,1.992030900220717
F14,Times7,1.992030900222521,0.9980947620440715,0.998119960955504,0.9990610142309628,0.998029790822573,0.9980254232322116,0.9980041060051936,0.9982539480750632,0.9992241774119018,0.998012505168788,5.928845125467342,0.9980284075711612,0.9985303439789476,0.9983007847920844,0.9980038393930368,1.000040646212444,0.9980827760362588,0.9987776405646516,0.9980093747939198,1.992030900220717
F14,Times8,0.998286253412488,0.9983944444632608,0.9980588821054402,0.9982262833788048,0.9982254152924144,0.9997096803878146,1.000035792318525,0.9984668911283462,0.9986366927215656,0.9998106568992065,0.999045337589345,0.9980319404514144,0.9981858902958048,0.9996004594950498,0.9986733096943436,0.9981575809680412,0.9996886169285792,0.9980404821232164,1.992030900220717,0.9987208767282684
F14,Times9,0.9981363593122604,0.998083319122138,0.9980279041141084,0.9984826474112056,1.992030900221805,0.9980038510354684,0.9980523877738058,0.9989780629636956,0.9980038393842352,0.9985575350980804,11.71869956206344,0.998487971192721,0.9980231969785738,0.9998447908883412,0.9980063832253664,0.999639788367776,0.998060107894386,0.9987143611969233,0.9992540753991008,0.9987929856693536
F14,Times10,0.9999038743810336,0.9992156066241524,0.998893546198056,0.9980497058472164,0.9994276382347652,0.99808970057103,0.9995758828346484,7.873992977133605,0.9980046872625192,0.9993272196007812,0.9999250053451856,0.9980040693109428,0.9987664120580984,0.9980181034875486,0.9980053751684056,0.9991793919914612,0.998003994806905,0.9986930713974989,5.928845125400149,1.992030900220717
F15,Times1,0.0012231825763089,0.001223567947157,0.0012255317971239,0.0003468460307122,0.0003354706767245,0.0012232885445232,0.000738989870278,0.001223183916983,0.0003496705559978,0.0012231738433473,0.0012232420182586,0.0003651296309488,0.0012238024056728,0.0012239021082964,0.0003494578606821,0.0012233247080427,0.0012232585175025,0.0012231854591363,0.0003499957140832,0.0012232093942491
F15,Times2,0.0003491505001366,0.0003495228755279,0.0012237173878076,0.0003493553953954,0.0203633417996443,0.0003490526791249,0.0004178560158984,0.000349686912572,0.0003493702198919,0.0012233504382138,0.0003379993989125,0.0012232351152904,0.0012237352731744,0.0012243223413138,0.0012231744171017,0.0012247621444242,0.0006347225033209,0.0012231737758111,0.0003499376793101,0.0003494900056609
F15,Times3,0.0012232582763965,0.0012233195459168,0.001223405071149,0.0003474214919962,0.0003383957413751,0.0003989696838614,0.0006152495712641,0.0003377511185277,0.0003497702612455,0.0007565856540579,0.0003927214026355,0.0012233768218248,0.0012231795931565,0.0012235226875127,0.0003452150460177,0.0012248585917412,0.0012233586928021,0.0003406699594377,0.0003498768650103,0.0012231996328221
F15,Times4,0.0003499732128877,0.0012232634580022,0.0006805376034678,0.0003479992743114,0.0012232398263514,0.0012232353173457,0.0007425057987417,0.0003366903489629,0.0012231739692642,0.001223319943719,0.0012232252942768,0.0003482456544814,0.0012232554601349,0.001226931410862,0.0003495527953666,0.0012251186718771,0.000556687601733,0.0012232008361653,0.0003485305291556,0.0012231867355303
F15,Times5,0.0003493256487236,0.0012231747054656,0.0007638313082943,0.0003478625172345,0.0203633433825438,0.0012232417267025,0.001223194133898,0.0012232102216607,0.0012231837765031,0.0006941017174823,0.0003386276915336,0.0003498521154168,0.0012232584661505,0.001223585208234,0.0003434944917753,0.000700290508397,0.0012233366175585,0.0003341592908826,0.0012231745789726,0.0003497472732108
F15,Times6,0.0012232068041692,0.0012232113107661,0.0012232387060704,0.0012231869032946,0.0012231734368637,0.0003494206089862,0.0012234989974115,0.0003487222567974,0.0012231778939955,0.0012235542306662,0.0003499733440157,0.0003498162534751,0.0012232421920108,0.0012235036319946,0.0003499305411411,0.0012248846588208,0.000741753131407,0.0012231799591066,0.0003307841166083,0.0003496282304899
F15,Times7,0.0003588548396517,0.0012233597686954,0.0012234160610888,0.0003450176277289,0.0003491917518047,0.0003499154330888,0.0012234719379307,0.0003488493157162,0.0012231749130968,0.0007404247514462,0.0003497583848362,0.0012231781642521,0.0012231753719725,0.0012265000551668,0.0003493294111558,0.0012233805117561,0.0012231860678122,0.0003579539821575,0.0003498213518431,0.0003749616844103
F15,Times8,0.001223240234288,0.0012232161255677,0.0012248230159577,0.0203633399777007,0.0003486929005398,0.000348077498365,0.0012233127743616,0.0003465657200611,0.0003483229268037,0.0003780263713576,0.0012232267985043,0.0004141759834428,0.0012235350785035,0.0012260447461364,0.0012231750129324,0.0012240629385343,0.0004013767905061,0.0003499826250294,0.0012231952683507,0.0003499955882158
F15,Times9,0.001223213101048,0.0012232327045821,0.0012240164692887,0.0003399836418373,0.0003497183819337,0.0003629981313549,0.0012233158954957,0.0003433163283871,0.0003458682096915,0.0012231763185855,0.0012231853606985,0.0003481338736732,0.001223256707735,0.0007393121561171,0.0012231988652314,0.0012239457371025,0.0012234382435572,0.0003522113405444,0.0012231753416282,0.0003499291969312
F15,Times10,0.000349816993468,0.0012234946887356,0.0012250505117626,0.0012231837412674,0.0203633394038948,0.0012231913083708,0.0007684420302468,0.0003449449379314,0.0012231958256759,0.0012232827995152,0.0003499520658855,0.0003472311514065,0.0012232945413968,0.0012254984277715,0.000349981687993,0.0007618942879648,0.0012232651162422,0.0003417076466789,0.0012231930950257,0.0003519339181154
F16,Times1,-1.031616048831258,-1.031589677094153,-1.031614501814603,-1.031616366744901,-1.031626213357024,-1.031600196326182,-1.031603964250617,-1.031577022565892,-1.031565807325777,-1.031624591926394,-1.031580513976302,-1.031591579716753,-1.031602750168142,-1.031591635395275,-1.031555949886104,-1.031623351698474,-1.031554546765071,-1.031577144701302,-1.031583849758175,-1.031619373563776
F16,Times2,-1.031558667115525,-1.031582158302864,-1.031604929014053,-1.031561252751058,-1.03160587776918,-1.031583245801694,-1.031565398724283,-1.031566991328939,-1.031604981435523,-1.03157356135259,-1.031550291079844,-1.031563075274202,-1.031623850973944,-1.031555624326333,-1.031565476325494,-1.031552751899984,-1.031622646812343,-1.031603109734319,-1.031592458779924,-1.031610527142235
F16,Times3,-1.031560899027831,-1.031583074075901,-1.031579095643446,-1.031619904091637,-1.031596771456347,-1.031552550394301,-1.031624426157271,-1.03162313470751,-1.031559532590532,-1.031551497593134,-1.031550051106177,-1.031560328202542,-1.031592492166989,-1.031578533160797,-1.0316157619585,-1.031571147891311,-1.031619821296745,-1.031588923471577,-1.031552174684487,-1.031590242451398
F16,Times4,-1.031555032406197,-1.031620139596874,-1.031594145014332,-1.031627030902442,-1.031566902245199,-1.031563991173771,-1.031616822677808,-1.031563177773896,-1.031614934837778,-1.031619650398583,-1.031625716173279,-1.031598438427166,-1.031552121359387,-1.031595848870844,-1.031586632970683,-1.031571029209611,-1.031616247817287,-1.031625916051395,-1.031619952448641,-1.031616444199407
F16,Times5,-1.031561084062897,-1.031572195941999,-1.031568022841341,-1.031626284720156,-1.031591891947834,-1.031555847168999,-1.031554386961516,-1.031582238764927,-1.031615596219794,-1.031609530710607,-1.031619944722035,-1.03158991761714,-1.03156750645796,-1.031619895988928,-1.0315708095546,-1.031612668552232,-1.031610518591598,-1.031580949097135,-1.031627801657003,-1.031596586476559
F16,Times6,-1.0315634011916,-1.031624939369392,-1.031558106332743,-1.031611938015797,-1.031601225068537,-1.031606120196314,-1.031613296132848,-1.031620388652806,-1.031572603713372,-1.031616643253562,-1.031609648282751,-1.031599383330547,-1.031452026518601,-1.031623794977955,-1.031573830654311,-1.031586170502446,-1.031571224479796,-1.031558751930326,-1.031618223702817,-1.03161744244651
F16,Times7,-1.031567955138465,-1.031604096191485,-1.031612265633438,-1.031615789962594,-1.031572549260842,-1.031586421810005,-1.031601776213868,-1.031558036859877,-1.031574722279813,-1.031603318089219,-1.031588305918992,-1.031626688500312,-1.031556938937928,-1.031615094878348,-1.031619737448142,-1.031591552625419,-1.031581707362419,-1.031580050819256,-1.031566041535896,-1.031625641241938
F16,Times8,-1.031585549758633,-1.031595189242563,-1.031564698065201,-1.031623054453515,-1.031560568047796,-1.031621630935708,-1.031576505283663,-1.031623576952136,-1.03158829452066,-1.031620762069278,-1.031588712196526,-1.031557082130912,-1.031590072695911,-1.031558092664409,-1.031576238859057,-1.031621791486005,-1.031606448478098,-1.031611309009134,-1.031553335571736,-1.03158616853559
F16,Times9,-1.031590642842892,-1.031609614660488,-1.031554087158304,-1.03155526096022,-1.031621384756528,-1.031610505537258,-1.031597467547884,-1.031595447549354,-1.031566979549199,-1.031550142169377,-1.031609308439325,-1.03157400990015,-1.031585906996302,-1.03162219351516,-1.031609372391188,-1.031619208984231,-1.031588996300804,-1.031551752627085,-1.031565415858315,-1.031571544117755
F16,Times10,-1.0316047988723,-1.031575450039063,-1.031616434405063,-1.031607020474311,-1.031591779949977,-1.031595410648484,-1.031597678207861,-1.031600525845491,-1.031608479950467,-1.031555298793268,-1.031550430332048,-1.031589861767627,-1.031613802461818,-1.03157617424847,-1.031589048117306,-1.031584725135368,-1.03160193396277,-1.031628381781749,-1.031617025545207,-1.031560933194996
F17,Times1,0.3979224065190525,0.3979780622372324,0.3978982238757531,0.3979022529912388,0.398013614353653,0.3979989652482026,0.3979009156908528,0.3979474503661944,0.3978904805768266,0.3979964923425232,0.3979682040620887,0.3979948292014193,0.3980313111211498,0.3980087263910157,0.3979218103442044,0.3980483525127934,0.398014941435207,0.3980244223203506,0.3980072515518707,0.3979923514338033
F17,Times2,0.3979113085824331,0.3980304608605394,0.3980467582080944,0.3980269358321351,0.3979240324699127,0.3979089875896449,0.3979378624784999,0.3978882092007616,0.3980154420416948,0.3980440433278378,0.3980266314150391,0.3979529558446249,0.3979476439014942,0.3979335979450092,0.3978945952424358,0.3979310880298961,0.3979792667050912,0.3979363180757147,0.3980406893328041,0.3979940192396114
F17,Times3,0.3979398267545111,0.3980454687362069,0.3979200673727377,0.3978935960744749,0.3980222033233414,0.3980091208092311,0.3979564172440408,0.3979058657965417,0.3979550718139233,0.3979653358309747,0.397952080693404,0.3980413875174822,0.3979068028819537,0.3978991284698683,0.3980096263496105,0.3980271552020476,0.3979509682982449,0.3980163246533177,0.3979449874886338,0.3979583921836767
F17,Times4,0.3980407428162955,0.3980037320052787,0.3979868765971162,0.3979846004698313,0.3980267360898768,0.3980330514598016,0.3979875078946336,0.3979530825740625,0.3980463271891796,0.3979715360724114,0.398049479714297,0.3979174093912246,0.3980017106187574,0.3979674575027659,0.3979234225201367,0.3979502482192476,0.3980222960093762,0.3980488544068344,0.3978982564706453,0.3980028668934459
F17,Times5,0.3979594434070393,0.3980297180284431,0.3979221369349641,0.3980449588306492,0.3980436118092605,0.3979413029850232,0.3980124500902225,0.3978990323065297,0.3978886318238519,0.3979681250455123,0.3979343671722102,0.3980097117152113,0.3979029899493867,0.3980385263106996,0.3979836497099765,0.3979675371244138,0.3979278650620088,0.3980442490023535,0.3979186414077791,0.3980233275350891
F17,Times6,0.3979926144226127,0.3980392999198905,0.3980140560144836,0.3980072565683273,0.3979944512382527,0.3979282805560498,0.3980119455566751,0.3980467655026612,0.3978944828690789,0.3980297108440602,0.397956935035193,0.3979805202939364,0.3979437150115803,0.3979420838348577,0.3980042944998736,0.3980161205762656,0.3980071966078924,0.397929107844849,0.3979868296517157,0.3980117679134967
F17,Times7,0.3979873699019763,0.3979915668771348,0.3979052374375822,0.3980219716763926,0.39789026753866,0.3979408560229132,0.3979134574789196,0.3979660821487059,0.3979353656256848,0.3980335735145477,0.3979679681521375,0.39801040890063,0.3979854277524488,0.3980017704023115,0.3979145145908536,0.3980450134144622,0.3980165181234678,0.3979387311288356,0.3980390696094513,0.3979020522709664
F17,Times8,0.3980392495720917,0.3979296809280886,0.3979256631181958,0.3979683542462897,0.3978942053415864,0.3979512165215731,0.3979213902114171,0.3980452816586357,0.3979193421884606,0.3979689293487532,0.3979029169254744,0.3980314060298653,0.3980104982409927,0.3980284080112497,0.3979417346668139,0.3980274382911695,0.3979090838714665,0.397973877548143,0.3980496120248276,0.3980007077016197
F17,Times9,0.3980065438981821,0.3978877248787693,0.3980142939906806,0.3980279717839466,0.3978891911150928,0.3979049567910522,0.3979961219235602,0.3979144333658766,0.397933618331539,0.3979649524341919,0.3979093681575669,0.3979154336181079,0.3980268732580932,0.3979367601055284,0.3979674629300156,0.3979028875577626,0.3979650788204054,0.3980490594866772,0.3979496275630119,0.3980141036237388
F17,Times10,0.398019496420245,0.3979291136411796,0.3979712327607281,0.3979231271242334,0.3979284210704481,0.3979698054400505,0.3979245159279881,0.3980038041570761,0.3978963819450954,0.3979349981710563,0.3979671429858787,0.3979780706698612,0.3979379964877605,0.3980091381597237,0.3979634593661086,0.3980183683432976,0.3979662881015908,0.3980486456864849,0.3979343693461139,0.397968439307105
F18,Times1,3.000220262955731,3.003004653680612,3.000010833488548,3.000189067369244,3.000520843733132,3.000235371025753,3.000039283451863,3.000053018299386,3.000034433838723,3.00004218139637,3.000248849889088,3.000022996963533,3.000727822713674,3.000027240542884,3.000026607537499,3.000035962465279,3.000043930497145,3.00002335988572,3.000042591697645,3.000003623025222
F18,Times2,3.000832416568603,3.000837184391156,3.000037883605048,3.000269218798924,3.000156162319657,3.000299312847076,3.00004576180201,3.000037830865514,3.000033742504983,3.000042912498819,3.000302063472828,3.000041946278614,3.00177308910874,3.000024288528334,3.000005886812096,3.000048601500701,3.000023458351808,3.000015409700763,3.000005079746707,3.000008900745339
F18,Times3,3.000038997419707,3.004506715041968,3.000001220884918,3.000677181253786,3.000206414535055,3.000219054897333,3.000004231189154,3.000097115164839,3.000048316102728,3.000010641147654,3.000032960787689,3.000030568222139,3.001056428917322,3.000008641921969,3.000035247671951,3.000026201332193,3.00004907011392,3.000011833675365,3.000030611000153,3.000044468533343
F18,Times4,3.000091327513483,3.000953639230116,3.000023152800764,3.000026266482794,3.000023335385537,3.00018846941363,3.000006652510088,3.000153658031316,3.000004906600769,3.000001730364693,3.000401625792684,3.000031933118084,3.002379511674979,3.00003113158447,3.000008790637926,3.000029642282364,3.000018204102742,3.000004561644661,3.000046660970804,3.000034990848143
F18,Times5,3.000276805279372,3.000476734527593,3.000041831912728,3.000226646806717,3.000127238076222,3.000975488738483,3.000047887525937,3.000204702019066,3.000044563433776,3.000020971695093,3.000436548811299,3.000014061265692,3.000012037964996,3.000020800505972,3.000036888815796,3.000013198779971,3.000005551466881,3.000016902594388,3.000001972967434,3.000002642509446
F18,Times6,3.000875686912002,3.001040359127867,3.000042307891948,3.000108410879884,3.000093156469454,3.000340173369009,3.000016203706945,3.000233931473634,3.000005255408914,3.000010918622959,3.000349459135344,3.000038580784535,3.000918845700442,3.000046690357999,3.000002654226425,3.000028573140736,3.000047799909983,3.000009021919299,3.000019821305179,3.000034249999517
F18,Times7,3.000218603303031,3.000668715448013,3.000011473198342,3.000133855825466,3.000515478329791,3.000604076409386,3.000006016883257,3.00010703936873,3.000008901347075,3.000007778972569,3.000240057462854,3.000049160804141,3.001129211261213,3.000040294511585,3.000030202696681,3.000035444842446,3.000011356318456,3.000009145833654,3.000022108163119,3.000017240604054
F18,Times8,3.000219869348735,3.003004226341668,3.000048222077179,3.000028706663552,3.000233610148168,3.001002079945262,3.000049296957708,3.0002519001824,3.000004588415488,3.000025826271981,3.001117415310363,3.000046415521309,3.001571839829699,3.000044508424602,3.000016631290035,3.000030344681101,3.000020951784278,3.00000816011387,3.000033043417374,3.000049752798057
F18,Times9,3.000031821807923,3.000554904772838,3.00004917992544,3.000092206066716,3.000041515152133,3.00000908319429,3.000008356383515,3.00031943834372,3.000009410160573,3.000018619224749,3.000736166955369,3.00004985927551,3.001056707943133,3.000036377191008,3.000042638337357,3.000009092565539,3.000038740421259,3.000000723221533,3.000025459116171,3.000004890391728
F18,Times10,3.000191956859787,3.000234608108324,3.000049264044481,3.000059458514764,3.000977344756822,3.00000530932591,3.000037299531512,3.000015705159953,3.000011366441604,3.000001888607293,3.000890095130269,3.000046020992071,3.000028217051055,3.000025897814293,3.000042294470182,3.000030291128473,3.000015050555082,3.00001058338194,3.000040900104228,3.00000059639981
F19,Times1,-0.3004789071949463,-0.3004789071949463,-0.3004789071949463,-0.3004789071949463,-0.3004789071949463,-0.3004789071949463,-0.3004789071949463,-0.3004789071949463,-0.3004789071949462,-0.3004789071949462,-0.3004789071949462,-0.3004789071949462,-0.3004789071949462,-0.3004789071949462,-0.3004789071949462,-0.3004789071949462,-0.3004789071949462,-0.3004789071949462,-0.3004789071949462,-0.3004789071949462
F19,Times2,-0.3004789071949463,-0.3004789071949463,-0.3004789071949463,-0.3004789071949463,-0.3004789071949463,-0.3004789071949463,-0.3004789071949463,-0.3004789071949463,-0.3004789071949462,-0.3004789071949462,-0.3004789071949462,-0.3004789071949462,-0.3004789071949462,-0.3004789071949462,-0.3004789071949462,-0.3004789071949462,-0.3004789071949462,-0.3004789071949462,-0.3004789071949462,-0.3004789071949462
F19,Times3,-0.3004789071949463,-0.3004789071949463,-0.3004789071949463,-0.3004789071949463,-0.3004789071949463,-0.3004789071949463,-0.3004789071949463,-0.3004789071949463,-0.3004789071949462,-0.3004789071949462,-0.3004789071949462,-0.3004789071949462,-0.3004789071949462,-0.3004789071949462,-0.3004789071949462,-0.3004789071949462,-0.3004789071949462,-0.3004789071949462,-0.3004789071949462,-0.3004789071949462
F19,Times4,-0.3004789071949463,-0.3004789071949463,-0.3004789071949463,-0.3004789071949463,-0.3004789071949463,-0.3004789071949463,-0.3004789071949463,-0.3004789071949463,-0.3004789071949462,-0.3004789071949462,-0.3004789071949462,-0.3004789071949462,-0.3004789071949462,-0.3004789071949462,-0.3004789071949462,-0.3004789071949462,-0.3004789071949462,-0.3004789071949462,-0.3004789071949462,-0.3004789071949462
F19,Times5,-0.3004789071949463,-0.3004789071949463,-0.3004789071949463,-0.3004789071949463,-0.3004789071949463,-0.3004789071949463,-0.3004789071949463,-0.3004789071949463,-0.3004789071949462,-0.3004789071949462,-0.3004789071949462,-0.3004789071949462,-0.3004789071949462,-0.3004789071949462,-0.3004789071949462,-0.3004789071949462,-0.3004789071949462,-0.3004789071949462,-0.3004789071949462,-0.3004789071949462
F19,Times6,-0.3004789071949463,-0.3004789071949463,-0.3004789071949463,-0.3004789071949463,-0.3004789071949463,-0.3004789071949463,-0.3004789071949463,-0.3004789071949463,-0.3004789071949462,-0.3004789071949462,-0.3004789071949462,-0.3004789071949462,-0.3004789071949462,-0.3004789071949462,-0.3004789071949462,-0.3004789071949462,-0.3004789071949462,-0.3004789071949462,-0.3004789071949462,-0.3004789071949462
F19,Times7,-0.3004789071949463,-0.3004789071949463,-0.3004789071949463,-0.3004789071949463,-0.3004789071949463,-0.3004789071949463,-0.3004789071949463,-0.3004789071949463,-0.3004789071949462,-0.3004789071949462,-0.3004789071949462,-0.3004789071949462,-0.3004789071949462,-0.3004789071949462,-0.3004789071949462,-0.3004789071949462,-0.3004789071949462,-0.3004789071949462,-0.3004789071949462,-0.3004789071949462
F19,Times8,-0.3004789071949463,-0.3004789071949463,-0.3004789071949463,-0.3004789071949463,-0.3004789071949463,-0.3004789071949463,-0.3004789071949463,-0.3004789071949463,-0.3004789071949462,-0.3004789071949462,-0.3004789071949462,-0.3004789071949462,-0.3004789071949462,-0.3004789071949462,-0.3004789071949462,-0.3004789071949462,-0.3004789071949462,-0.3004789071949462,-0.3004789071949462,-0.3004789071949462
F19,Times9,-0.3004789071949463,-0.3004789071949463,-0.3004789071949463,-0.3004789071949463,-0.3004789071949463,-0.3004789071949463,-0.3004789071949463,-0.3004789071949463,-0.3004789071949462,-0.3004789071949462,-0.3004789071949462,-0.3004789071949462,-0.3004789071949462,-0.3004789071949462,-0.3004789071949462,-0.3004789071949462,-0.3004789071949462,-0.3004789071949462,-0.3004789071949462,-0.3004789071949462
F19,Times10,-0.3004789071949463,-0.3004789071949463,-0.3004789071949463,-0.3004789071949463,-0.3004789071949463,-0.3004789071949463,-0.3004789071949463,-0.3004789071949463,-0.3004789071949462,-0.3004789071949462,-0.3004789071949462,-0.3004789071949462,-0.3004789071949462,-0.3004789071949462,-0.3004789071949462,-0.3004789071949462,-0.3004789071949462,-0.3004789071949462,-0.3004789071949462,-0.3004789071949462
F20,Times1,-3.203101601349065,-3.203101847223289,-3.203101546168911,-3.320596081660817,-3.203101955314538,-3.203101930217229,-3.20310201980792,-3.203101976634815,-3.203102044187127,-3.20310191521481,-3.203101758071174,-3.203102048312024,-3.203100819243824,-3.203101713279259,-3.203102049865477,-3.203101839846213,-3.203101896871175,-3.203102027439094,-3.321586430567942,-3.203102018402407
F20,Times2,-3.203101963182652,-3.203101706305958,-3.203101980915501,-3.203102003537687,-3.203102008098234,-3.203101979721279,-3.319955087067355,-3.203102037718594,-3.203102049457135,-3.203101905389995,-3.203101586010029,-3.321366842333836,-3.203100633154133,-3.203101930917612,-3.203102030285514,-3.20310177884563,-3.203101880643216,-3.203102048177933,-3.203102048694657,-3.203101947519021
F20,Times3,-3.203102003220199,-3.203098222200607,-3.203101909943678,-3.203101976318727,-3.203102016990135,-3.203101567275078,-3.203102003641216,-3.203102017606565,-3.203102048220232,-3.203101989254728,-3.320958126031866,-3.20310204828557,-3.203101401334296,-3.203101407661528,-3.203102043173994,-3.20310117141037,-3.203102011856687,-3.203102025209001,-3.203102029050359,-3.203102038568006
F20,Times4,-3.203101956692803,-3.203101026553004,-3.320038626666846,-3.203101948712439,-3.203101932559896,-3.20310196955684,-3.203101937681589,-3.203101996154758,-3.203102042777638,-3.203101761180628,-3.203101509923012,-3.203102048263209,-3.203100957554796,-3.203101720012934,-3.203101998594812,-3.203101537085511,-3.203101963482445,-3.203102043641687,-3.319991106053972,-3.320238808415243
F20,Times5,-3.320006379403738,-3.203101838665913,-3.203101292516727,-3.203102009663917,-3.203102007211664,-3.20310184926503,-3.203102014196477,-3.203102019631452,-3.32020538589499,-3.320022353600403,-3.203101704050363,-3.203101999400023,-3.203101604572002,-3.20309857511569,-3.203102043845379,-3.203101437994353,-3.203101993226424,-3.320955970524609,-3.203102049341529,-3.321147436933981
F20,Times6,-3.320518011501967,-3.203099818498187,-3.203101770854489,-3.20310193924093,-3.320750707413934,-3.203101791384409,-3.203101537771583,-3.203101979564387,-3.20310202836035,-3.203101962621128,-3.203102041782403,-3.203102035214787,-3.203101666225767,-3.203101737572109,-3.203102038984495,-3.203101553190305,-3.203101877527723,-3.20310202973641,-3.319976749101198,-3.203102043276997
F20,Times7,-3.203101930455016,-3.203100045650838,-3.203098732946251,-3.203101969024226,-3.203101847427253,-3.203101921595803,-3.32071646187565,-3.203101972756771,-3.203102049582291,-3.321010494786048,-3.203101986967176,-3.203102010896897,-3.203101531338857,-3.203101838923916,-3.20310204584848,-3.20310151900836,-3.203102027170987,-3.20310202346662,-3.320019449318131,-3.321476620844277
F20,Times8,-3.203100899109621,-3.203101455041347,-3.203101523236889,-3.203101789843763,-3.203102024750236,-3.320461077249201,-3.203102028796512,-3.203102043902549,-3.320053916572677,-3.203101833378429,-3.203101985299933,-3.203102013194369,-3.319965317437313,-3.320895723738444,-3.203102048119402,-3.203101459752971,-3.203101859691913,-3.203102039347872,-3.203102039555847,-3.203102031602759
F20,Times9,-3.320542281572341,-3.203097231873028,-3.203100386660475,-3.320229305609807,-3.203101922717331,-3.320204619790582,-3.203101954210289,-3.320846455071141,-3.203102041688384,-3.32083856128249,-3.203101686099806,-3.203102030537596,-3.203097159277321,-3.203101833299672,-3.320462054509165,-3.203101553727225,-3.203101961266813,-3.203102026846911,-3.20310204457302,-3.320285310767987
F20,Times10,-3.203101981988144,-3.203101724919566,-3.203101866571063,-3.319965885404153,-3.320089723484638,-3.20310193365408,-3.203102021306872,-3.20310199495493,-3.203102049027303,-3.203102035700019,-3.203101860362289,-3.203101967579717,-3.203101323023958,-3.203100234667969,-3.320469625367397,-3.203101421489347,-3.203101852291957,-3.320052749657833,-3.203102048165133,-3.203102049478908
F21,Times1,-10.15315017003463,-5.055196146741405,-10.15317001864621,-5.05519767842367,-10.1531856452648,-10.15318670100905,-10.1531961680109,-5.100772093075705,-10.15317713577512,-10.15317109981285,-10.15315626775598,-5.055197728165963,-10.15317071274509,-10.15316770817607,-10.15318712514866,-5.055197606399371,-10.15315505506431,-10.15316918940847,-5.05519772819171,-10.1531788667889
F21,Times2,-10.15318319488199,-10.15317393089467,-5.100771967989875,-10.15315434445996,-10.15317004097305,-5.055197528641461,-10.15316464779978,-10.15318756577351,-10.15315936674419,-10.1531590152515,-10.15318567299624,-5.055197719204415,-10.15315404557503,-2.630471635336813,-5.100772137797521,-10.15315589789748,-5.055197720885433,-10.15318047409852,-10.15315715379351,-5.055197728430539
F21,Times3,-10.1531679151166,-10.1531741152345,-10.15315796631817,-10.15319038730101,-5.100772080820144,-10.15317006817352,-10.15315084897203,-10.15315271441559,-5.100772139826587,-10.15316496602454,-10.15315029804443,-10.1531604334779,-10.15315875515221,-10.15316500209857,-10.15316188782198,-5.100771992645767,-5.100772091526597,-5.055197727211148,-5.100772135409132,-10.15317369861101
F21,Times4,-10.1531682004487,-10.15317456444071,-5.055197625612259,-10.15315191307948,-10.15316652277327,-10.15317144938085,-5.055197723280978,-5.055197700397158,-10.15317295711856,-10.15315624297808,-10.15318400626185,-5.100772132862836,-10.15315743427498,-2.682860379092121,-10.15317038044674,-10.15316651766764,-5.055197700447234,-10.15315943941458,-10.15316985929444,-10.15317136532378
F21,Times5,-10.15315477125637,-10.15316862163754,-5.100771988684349,-10.15315292022093,-10.15317751767512,-5.055197652760211,-10.15317673636239,-5.10077212106591,-10.15318547221281,-5.055197728326651,-10.15316219193155,-10.1531535892705,-10.15318457813345,-10.1531586464028,-5.1007721401519,-5.100772109111099,-10.15319296039635,-10.15315101008654,-5.100772139653514,-5.055197726205066
F21,Times6,-5.055197646314579,-10.15317860598921,-5.100772017139741,-10.15317181873244,-10.15316178227705,-10.15317304960876,-10.15315840900756,-5.100772096228527,-10.15315576250738,-5.100772088802755,-5.055197679770607,-5.055197724284536,-10.15315333882821,-10.15317730042597,-10.15316728480162,-5.055197718624868,-10.15316156934253,-10.15316768012306,-10.15315519004614,-10.15315159284216
F21,Times7,-10.15315242379362,-10.15315532924588,-2.630471663441607,-5.100772129579762,-5.100772089078149,-5.055197665955346,-10.15315566236693,-5.055197715472151,-5.055197708328174,-10.15315353451444,-10.15318976162506,-10.15315689531993,-5.055197680195986,-10.15316686812273,-5.055197727035154,-2.630471652834411,-10.15315512470601,-5.100772131669187,-10.15316895753062,-5.055197713192302
F21,Times8,-10.15316205818001,-10.15317764952311,-10.15317120539721,-10.15316557961293,-10.15318126057445,-5.05519755730551,-10.15316384422908,-10.15316094375102,-10.15316450526978,-10.15316449746883,-10.15317917386674,-10.1531513843079,-5.055197548310454,-5.100772121698311,-5.100772139037268,-10.15315172948941,-5.055197706577371,-10.15315363029486,-5.055197722993126,-10.15315476407225
F21,Times9,-5.055197670005622,-5.055197584323524,-10.15316191820585,-5.055197719638749,-10.1531975003906,-5.055197701509472,-10.15316202701497,-10.15315421665941,-10.15317397592338,-10.15316842267032,-5.055197710909854,-5.100772130291987,-10.15315318830967,-10.15316307169031,-5.100772140084486,-5.100771068247011,-10.15319138839924,-10.15316785213197,-10.15316330528465,-10.15316415470143
F21,Times10,-5.055197699996478,-10.15315074898634,-10.15315938255189,-10.15316937735627,-10.15316059777289,-10.15315120307563,-5.055197680081209,-5.100772121857877,-10.15315478104032,-10.15317276611066,-10.15316444619809,-10.15316969628206,-10.15316258647728,-5.100772134150644,-10.15318782058868,-10.15315492191508,-5.05519768286272,-10.15315342634052,-10.15317255927545,-10.15315042300742
F22,Times1,-10.40292037024051,-5.087671478648294,-5.128822440435655,-10.40281814133836,-10.40292793305685,-10.40279785139219,-10.4028195956106,-10.40275758800517,-10.40279682709662,-5.087671799789044,-10.40279775596118,-5.128822796637155,-10.40287593220587,-3.724300331470228,-5.08767182093907,-3.724300227636864,-10.4027647772704,-10.40275796979413,-10.40288425559809,-10.40287763998902
F22,Times2,-10.40279107469363,-10.4028574814981,-2.751933509382896,-10.40286425029123,-10.40277649687509,-10.40276934224577,-10.40281553369283,-10.40282976236855,-10.40276964693816,-10.40279846489968,-10.40275411163296,-10.40285123271372,-10.40281186069009,-3.724300334187682,-10.40284947200385,-2.751933549187904,-10.40293376228291,-10.40284997658316,-10.40280636617876,-10.40275960058324
F22,Times3,-10.40285081523987,-10.4028696371631,-5.087671730828427,-5.087671800632154,-10.40290969530122,-10.40285684778585,-5.128822767912213,-10.40281006451841,-10.40281942164276,-10.4029149757152,-10.4029050983423,-10.40289040560488,-10.40291376677789,-3.724300287834095,-5.128822794369117,-10.40293092961734,-5.087671713933458,-10.40280537137974,-5.128822792981555,-10.40283684634968
F22,Times4,-10.40276428887627,-5.08767130807066,-3.724300344731434,-10.40276540072493,-10.40286493312079,-10.40287652018233,-10.40286378174082,-10.4028166966128,-10.40281589144336,-10.40282279729904,-10.40292886894881,-10.40281878833725,-10.40276324063734,-10.40278845307957,-10.40279957201691,-10.40282240152467,-10.40278138731273,-5.087671817722575,-10.40278011189386,-10.40275983403238
F22,Times5,-10.40292234445189,-10.40284769691342,-5.128822716362875,-10.40289470430655,-10.40279061620593,-5.087671799823765,-10.40280278517926,-10.40282219882942,-10.40284506240261,-10.40277730225071,-10.40277736630081,-10.40285548393296,-10.40277281433453,-2.751933544617169,-10.40292316175629,-3.724300155804485,-10.40289906079711,-10.40289776852335,-10.40278114014694,-10.40279158141587
F22,Times6,-5.087671767767726,-10.40276438967415,-10.40284442159652,-10.40275839460151,-10.40289998789199,-10.40276407048952,-5.087671821992989,-10.40283725953991,-5.087671824876971,-10.40283208809977,-10.40277533419678,-10.40278990157466,-5.087671734091291,-10.40283963040063,-10.40276118200461,-5.087671817326717,-10.40289838798672,-10.40285865918174,-10.40281709763331,-10.402872454288
F22,Times7,-10.40283208723553,-10.40280085569292,-5.08767164915128,-5.128822748232711,-10.40281797520607,-10.40283044411087,-10.40276592844057,-10.40289120212792,-10.40276282958147,-10.40283306861946,-10.40283221541405,-10.40285634505281,-10.40278057886929,-3.724300281162296,-10.40275728832399,-3.72430031484157,-10.4028252215653,-10.40281067638992,-5.128822790350164,-10.40276003429142
F22,Times8,-10.40291207920365,-10.4028584734989,-10.4029196629673,-10.40279517317009,-10.40281506397199,-10.40282295902056,-10.402905290624,-10.40281373056421,-10.40286205981073,-10.40283054245757,-10.40289505041406,-5.087671824146885,-10.40287281139859,-10.40279196237442,-10.40286283206241,-5.08767173278576,-10.40277770689378,-10.40283296972028,-10.40285855364061,-10.4028638937312
F22,Times9,-10.40277561794727,-10.40286257462665,-3.724300207273988,-10.40277481370328,-5.128822761069377,-10.40285677204749,-10.40281999195905,-10.40278419371355,-5.087671824831206,-10.40282131809381,-10.40278579067713,-10.40279853307177,-10.4027990995806,-10.40281161513276,-5.087671824213341,-10.40279810428107,-10.40276966055172,-10.40290713032389,-5.128822794352665,-10.40277796783394
F22,Times10,-10.4028890994835,-10.4028314049671,-10.40278196285523,-10.40277474087993,-10.40276572239765,-10.40279926727791,-10.40286719317432,-10.40277795496707,-10.40289257616999,-10.40291118397144,-10.4027503995616,-10.40279736888133,-10.40275032477613,-2.751933551710669,-10.40278928012714,-3.724300332283678,-5.087671806455693,-10.4028205700448,-10.4027935688119,-10.40276695048832
F23,Times1,-10.53632497221433,-10.53632995438464,-2.871142653618407,-10.53639275977491,-5.175646677957382,-10.53625833995999,-10.53630093698061,-10.53635144500277,-10.53625299564522,-10.53625674209314,-10.53626007734286,-10.53631277909121,-5.128480398382592,-3.835426787127888,-5.175646740820827,-2.871142673492318,-10.53628040058755,-10.53638526263101,-10.53630774163493,-10.53627996643069
F23,Times2,-10.53626194570725,-10.53626074826514,-10.536356259392,-10.53625474106578,-10.53625234772646,-10.53637715696601,-5.128480783274522,-10.53626429849828,-10.53625549418593,-10.536261395328,-10.53638683128313,-10.53627125722602,-10.53631915690451,-2.871142561992037,-10.53626919774826,-2.871142677418568,-10.53633725246747,-10.53637273103281,-10.53629000197996,-10.53634033131872
F23,Times3,-10.53634626563872,-10.53628918890303,-5.128480692245785,-10.5363540905862,-10.53639944593062,-10.53636280704108,-10.53630639794446,-10.53636766899309,-10.53633846850439,-10.53630824519722,-10.53636920799055,-10.53631860675142,-10.53628393817238,-10.53632741407547,-5.128480786589407,-10.53626593831943,-10.53626831209523,-10.53632384786392,-10.53633452301597,-10.53631603216338
F23,Times4,-10.53631183019515,-10.53637955825955,-10.53631855506121,-10.5362680336264,-5.175646727819609,-10.5363222508463,-10.53627153727512,-10.53625394296625,-10.53635396078951,-10.5362821099799,-10.5362937145568,-10.5363234731667,-10.53635775477963,-5.1284807426269,-10.53635530843063,-10.53631963260541,-10.5362623151729,-5.175646721502653,-10.53625451499907,-10.5363771455232
F23,Times5,-10.53626635489345,-10.53638863301675,-10.53626237749739,-10.53632182144842,-10.53626139333808,-10.53628463858835,-5.128480756308162,-10.53635184927777,-10.53634450239976,-10.53626504623985,-10.53638313677085,-10.53628582371218,-10.53627236244323,-5.175646709721862,-10.53628346771618,-5.128480529865594,-10.53634686753165,-10.53628448263689,-10.53625457731062,-10.53633134122491
F23,Times6,-5.128480719324689,-10.53631179119266,-5.175646737784407,-10.53627353548366,-10.53638701471431,-10.53634539138454,-10.53627492277628,-10.53628893019292,-10.53625571285875,-10.53629644105859,-10.53626094795028,-10.53637354966926,-10.53635281901561,-10.53636378946418,-5.175646740576133,-10.53635763763511,-10.53634076587187,-5.128480772576152,-10.5363061812761,-10.53638646183829
F23,Times7,-10.53629546715,-5.128480290107709,-10.53630287475876,-5.128480777133092,-10.53628423248148,-10.53629472847527,-5.128480785916203,-10.53630010030901,-10.53626372836484,-10.53639097916942,-10.53632781973353,-10.53629985674272,-10.53626551461635,-2.80663068292519,-10.53625831425141,-10.53627151016428,-10.53627501393097,-10.5362839844743,-10.53628787320786,-10.53633739889088
F23,Times8,-10.53629515083522,-10.53628131860108,-3.835426764178673,-10.53629914570837,-10.53635784344669,-10.536264700462,-10.53633703726116,-5.17564669712891,-10.53626447898074,-10.53634603003742,-5.12848071173879,-10.53633067338624,-10.53626847610447,-2.87114269695282,-10.53631684444121,-2.871142601269837,-10.53633073687982,-10.53627619597926,-10.53636899357641,-10.53632613833381
F23,Times9,-10.53630703445462,-10.53626914616901,-10.53640058294813,-5.12848075316545,-5.175646734888173,-10.53625361508009,-10.53639088611146,-10.53633604880468,-10.53625334804241,-10.53626150588089,-10.5362914401742,-10.53636406751796,-10.53634213570188,-3.835426595599699,-5.128480783758115,-10.53636247999879,-10.53627766630062,-10.53630949227202,-10.53631633976838,-10.53636035408648
F23,Times10,-10.53630113599465,-10.53625904298321,-10.53636676640824,-10.53638105463755,-10.53628219586856,-10.53629999206002,-10.53625296564312,-10.53633603574033,-10.53628230728082,-10.53635130683808,-10.53631970521604,-10.53633718985115,-10.53637299584851,-3.835426785373351,-10.53626301472382,-10.53628540551253,-10.53627119905943,-10.5363555061863,-10.53629771176869,-10.53631011747845
