,0,1,2,3,4,5,6,7,8,9,10,11,12,13,14,15,16,17,18,19,20,21,22,23,24,25,26,27,28,29,30,31,32,33,34,35,36,37,38,39,40,41,42,43,44,45,46,47,48,49,50,51,52,53,54,55,56,57,58,59,60,61,62,63,64,65,66,67,68,69,70,71,72,73,74,75,76,77,78,79,80,81,82,83,84,85,86,87,88,89,90,91,92,93,94,95,96,97,98,99,100,101,102,103,104,105,106,107,108,109,110,111,112,113,114,115,116,117,118,119,120,121,122,123,124,125,126,127,128,129,130,131,132,133,134,135,136,137,138,139,140,141,142,143,144,145,146,147,148,149,150,151,152,153,154,155,156,157,158,159,160,161,162,163,164,165,166,167,168,169,170,171,172,173,174,175,176,177,178,179,180,181,182,183,184,185,186,187,188,189,190,191,192,193,194,195,196,197,198,199,Type
0,0.0,0.0,0.0,0.0,0.0,0.0,0.0,0.0,0.0,0.0,0.0,0.0,0.0001,0.0,0.0,0.0003,0.0,0.001,0.0,0.0,0.0,0.0,0.0,0.0,0.0,0.0,0.0,0.0,0.0,0.0001,0.0001,0.0,0.0001,0.0003,0.0028,0.0,0.0,0.0,0.0,0.0,0.0,0.0,0.0,0.0,0.0,0.0,0.0,0.0,0.0,0.0,0.0,0.0002,0.0,0.0002,0.0,0.0,0.0,0.0,0.0,0.0,0.0,0.0,0.0,0.0,0.0,0.0,0.0,0.0,0.0,0.0001,0.0001,0.0003,0.0,0.0,0.0,0.0,0.0,0.0,0.0,0.0,0.0,0.0,0.0,0.0,0.0,0.0,0.0,0.0,0.0,0.0002,0.0,0.0,0.0,0.0,0.0,0.0,0.0,0.0,0.0,0.0,0.0,0.0,0.0,0.0,0.0,0.0002,0.0004,0.0,0.0,0.0,0.0,0.0,0.0,0.0,0.0,0.0,0.0,0.0,0.0,0.0,0.0,0.0,0.0,0.0,0.0,0.0,0.0,0.0,0.0,0.0,0.0,0.0,0.0,0.0,0.0,0.0,0.0,0.0,0.0,0.0,0.0,0.0,0.0,0.0002,0.0,0.0,0.0,0.0,0.0,0.0,0.0,0.0,0.0,0.0,0.0,0.0,0.0,0.0,0.0,0.0,0.0001,0.0,0.0,0.0,0.0,0.0,0.0,0.0,0.0,0.0,0.0,0.0,0.0,0.0,0.0,0.0,0.0,0.0,0.0,0.0,0.0,0.0,0.0,0.0,0.0,0.0,0.0,0.0,0.0,0.0,0.0,0.0,0.0,0.0,0.0,0.0,0.0,0.0002,0.0,0.0,Linear_combination_crossover_normal
1,98.5412,0.0,0.0,0.0,0.0,0.0,0.0,0.0,0.0,0.0,0.0,0.0,0.0,0.0,0.0,0.0,0.0,0.0,0.0,0.0,0.0,0.0,0.0,0.0,0.0,0.0,0.0,0.0,0.0,0.0,0.0,0.0,0.0,0.0,0.0,0.0,0.0,0.0,0.0,0.0,0.0,0.0,0.0,0.0,0.0,0.0,0.0,0.0,0.0,0.0,0.0,0.0,0.0,0.0,0.0,0.0,0.0,0.0,0.0,0.0,0.0,0.0,0.0,0.0,0.0,0.0,0.0,0.0,0.0,0.0,0.0,0.0,0.0,0.0,0.0,0.0,0.0,0.0,0.0,0.0,0.0,0.0,0.0,0.0,0.0,0.0,0.0,0.0,0.0,0.0,0.0,0.0,0.0,0.0,0.0,0.0,0.0,0.0,0.0,0.0,0.0,0.0,0.0,0.0,0.0,0.0,0.0,0.0,0.0,0.0,0.0,0.0,0.0,0.0,0.0,0.0,0.0,0.0,0.0,0.0,0.0,0.0,0.0,0.0,0.0,0.0,0.0,0.0,0.0,0.0,0.0,0.0,0.0,0.0,0.0,0.0,0.0,0.0,0.0,0.0,0.0,0.0,0.0,0.0,0.0,0.0,0.0,0.0,0.0,0.0,0.0,0.0,0.0,0.0,0.0,0.0,0.0,0.0,0.0,0.0,0.0,0.0,0.0,0.0,0.0,0.0,0.0,0.0,0.0,0.0,0.0,0.0,0.0,0.0,0.0,0.0,0.0,0.0,0.0,0.0,0.0,0.0,0.0,0.0,0.0,0.0,0.0,0.0,0.0,0.0,0.0,0.0,0.0,0.0,0.0,0.0,0.0,0.0,0.0,0.0,Linear_combination_crossover_uniform
2,0.0,3066.2907,0.0,0.0,0.0,0.0,0.0,0.0,0.0,0.0001,0.0,0.0001,0.0003,0.0001,0.0003,0.0022,0.0035,0.0014,0.0,0.0,0.0,0.0,0.0,0.0,0.0,0.0,0.0001,0.0001,0.0,0.0,0.0005,0.0006,0.0002,0.0038,0.0025,0.0035,0.0,0.0,0.0,0.0,0.0,0.0,0.0,0.0,0.0,0.0,0.0,0.0,0.0001,0.0002,0.0001,0.0007,0.0005,0.0012,0.0,0.0,0.0,0.0,0.0,0.0,0.0,0.0,0.0,0.0,0.0,0.0001,0.0003,0.0002,0.0001,0.001,0.0007,0.0007,0.0,0.0,0.0,0.0,0.0,0.0,0.0,0.0,0.0,0.0,0.0,0.0,0.0,0.0002,0.0001,0.0005,0.0048,0.0004,0.0,0.0,0.0,0.0,0.0,0.0,0.0,0.0,0.0,0.0,0.0,0.0,0.0,0.0001,0.0001,0.0003,0.0012,0.0012,0.0,0.0,0.0,0.0,0.0,0.0,0.0,0.0,0.0,0.0,0.0,0.0,0.0,0.0001,0.0,0.0001,0.0003,0.0001,0.0,0.0,0.0,0.0,0.0,0.0,0.0,0.0,0.0,0.0,0.0,0.0,0.0,0.0,0.0,0.0002,0.0002,0.0001,0.0,0.0,0.0,0.0,0.0,0.0,0.0,0.0,0.0,0.0,0.0,0.0,0.0,0.0,0.0,0.0001,0.0003,0.0001,0.0,0.0,0.0,0.0,0.0,0.0,0.0,0.0,0.0,0.0,0.0,0.0,0.0,0.0,0.0,0.0002,0.0001,0.0001,0.0,0.0,0.0,0.0,0.0,0.0,0.0,0.0,0.0,0.0,0.0,0.0,0.0001,0.0,0.0,0.0009,0.0004,0.0001,0.0,0.0,Probabilistic_crossover_normal
3,570.3792,2574.4467,0.0,0.0,0.0,0.0,0.0,0.0,0.0,0.0,0.0,0.0,0.0,0.0,0.0,0.0002,0.0004,0.0003,23546.0076,2198.9402,0.0,0.0,0.0,0.0,0.0,0.0,0.0,0.0,0.0,0.0,0.0001,0.0,0.0,0.0003,0.0001,0.0003,0.0,0.0,0.0,0.0,0.0,0.0,0.0,0.0,0.0,0.0,0.0,0.0,0.0,0.0,0.0,0.0,0.0001,0.0,0.0,0.0,0.0,0.0,0.0,0.0,0.0,0.0,0.0,0.0,0.0,0.0,0.0,0.0,0.0,0.0002,0.0,0.0,0.0,209.1035,0.0,0.0,0.0,0.0,0.0,0.0,0.0,0.0,0.0,0.0,0.0,0.0,0.0,0.0001,0.0001,0.0,0.0,0.0,0.0,0.0,0.0,0.0,0.0,0.0,0.0,0.0,0.0,0.0,0.0,0.0,0.0,0.0001,0.0001,0.0,0.0,0.0,0.0,0.0,0.0,0.0,0.0,0.0,0.0,0.0,0.0,0.0,0.0,0.0,0.0,0.0,0.0,0.0,0.0,0.0,0.0,0.0,0.0,0.0,0.0,0.0,0.0,0.0,0.0,0.0,0.0,0.0,0.0,0.0,0.0,0.0,0.0,0.0,0.0,0.0,0.0,0.0,0.0,0.0,0.0,0.0,0.0,0.0,0.0,0.0,0.0,0.0,0.0,0.0,0.0,0.0,0.0,0.0,0.0,0.0,0.0,0.0,0.0,0.0,0.0,0.0,0.0,0.0,0.0,0.0,0.0,0.0,0.0,0.0,0.0,0.0,0.0,0.0,0.0,0.0,0.0,0.0,0.0,0.0,0.0,0.0,0.0,0.0,0.0,0.0,0.0,0.0,Probabilistic_crossover_uniform
4,2101.9373,0.0026,0.0006,0.6519,1.9667,2.0595,5.9561,1.5544,0.5369,108.3664,4.5227,0.8177,94.1102,15.263,24.973,3270.8108,218.8467,234.6886,8528.865,2242.1467,3027.97,1.5692,0.2661,0.1577,7.1607,0.8481,1.9004,58.4082,9.4762,0.6814,58.0324,210.7558,16.1312,363.9772,110.3595,69.5937,0.1974,19161.7176,0.0017,2.9699,1.4308,0.2278,19.0192,1.4238,1.5362,91.5866,18.1032,4.9864,186.6089,19.6763,33.424,476.3571,1807.696,1204.789,0.0142,0.0046,3104.6084,6.8154,1.5244,0.5119,17.4048,9.2419,0.4254,83.0981,21.2409,4.3409,1051.7161,85.7749,19.5384,711.6057,241.7593,70.9852,33.2306,0.0093,0.001,11.9901,1.6293,0.2318,29.3758,4.7261,3.434,492.8346,31.5084,10.0612,1408.3843,185.1291,68.709,2699.5554,4379.7672,95.6041,0.0051,0.0013,0.0006,18.4214,0.8537,2.994,10.4766,10.9853,0.8674,9.3586,9.8854,4.3111,453.8168,73.4686,35.3235,894.7617,702.5361,29.064,69223.6886,0.0774,0.0026,542.9303,13.8285,1.7079,3514.7957,57.551,14.7031,2914.7131,176.1638,78.044,50587.8915,863.4257,166.1452,31203.7355,8415.7682,2501.103,8395.2208,0.0294,0.0281,3663.2154,73.2557,12.8275,227.2362,181.651,63.3511,723.2865,136.4181,90.0651,9701.1963,2231.6321,838.1411,49516.0145,17129.2461,2268.4349,54233.1353,342662.4369,951.1357,141444.8681,19646.0016,45284.4185,103022.8059,125.2271,56319.8444,11014.1945,45512.2785,2584.5003,74595.9566,5945.9205,17455.301,37709.1677,100871.8394,15164.814,53285.9563,113589.75,4290.9557,92399.7152,488.8308,3930.7904,31787.8341,61911.1414,136.0348,114942.2739,1860.3197,149.6475,150992.7014,33072.6078,2839.1559,55489.6489,24322.8121,26599.1878,182759.7747,56006.7519,116659.062,44280.3641,92476.3635,132915.7626,116194.9266,127325.9044,63922.3741,66896.4814,46020.1751,178167.2998,38967.7491,54775.2641,40671.7224,414683.2566,534601.5642,121085.8972,58447.5912,60318.5362,singe_point_crossover_normal
5,148870.4076,126773.1618,112510.6161,0.0442,0.0671,0.0787,0.2066,0.1364,0.2085,0.7079,0.5471,0.1785,7.0139,1.893,0.5085,41.9382,21.9482,12.6593,52853.5943,18253.5333,56004.8236,0.0677,0.0094,0.0069,0.4337,0.2294,0.0412,0.6313,1.9153,0.0319,3.7919,2.4399,0.2556,49.166,28.0891,3.7017,10298.1905,166.2083,205.913,0.0746,0.0566,0.1247,4.7123,0.5784,0.1178,2.261,1.885,0.2982,14.7041,1.8781,2.0211,128.8199,27.1592,9.1197,41005.7267,15035.4781,4323.6191,0.6148,0.0416,0.0315,3.5226,0.2122,0.0657,1.0238,0.69,0.3071,20.681,8.3586,2.1682,49.9127,161.2434,26.915,74462.4262,23345.4304,3419.0658,1.2743,0.0809,0.0836,1.2546,1.1299,0.3102,11.9308,1.0776,0.5944,25.4606,14.2124,2.7654,92.4612,105.5834,49.8616,46922.8414,1156.2927,604.7127,0.2452,0.2499,0.0471,1.8261,0.5107,0.2667,4.6696,0.6028,0.5955,25.1642,4.685,3.1448,75.2543,60.5076,20.8904,0.0026,0.0023,0.0013,8.6257,0.9059,0.6867,15.0316,3.0344,1.9455,11.4224,13.5597,4.0339,80.6368,17.4991,18.1677,391.1946,613.1671,60.0186,37528.5898,0.0012,0.001,0.6889,0.5767,0.5725,6.93,2.3357,0.832,18.0144,13.9425,2.4596,37.4795,106.7005,16.2709,609.7015,485.3249,156.6556,0.0029,0.0016,0.0016,2.148,1.0004,2.1206,11.2908,6.9391,3.6828,35.0754,23.1598,20.0278,188.1617,75.6215,95.3194,829.6336,552.0565,380.1757,0.0029,0.0017,0.0014,1.6125,2.4572,0.7717,5.7122,8.004,2.0468,26.877,16.6581,17.9626,261.2916,90.7907,96.8856,651.375,426.6597,711.6527,0.0091,0.0058,0.0047,4.3063,5.4206,1.6843,25.492,20.0837,6.0192,29.8651,43.357,49.7278,235.5891,156.894,80.5154,2525.5226,1898.5168,1264.5986,0.0078,0.003,singe_point_crossover_uniform
6,0.0,0.0,0.0,0.0,0.0,0.0,0.0,0.0,0.0,0.0,0.0,0.0,0.0,0.0,0.0,0.0,0.0005,0.0008,0.0,0.0,0.0,0.0,0.0,0.0,0.0,0.0,0.0,0.0,0.0,0.0,0.0001,0.0001,0.0,0.0004,0.002,0.0007,0.0,0.0,0.0,0.0,0.0,0.0,0.0,0.0,0.0,0.0,0.0,0.0,0.0,0.0,0.0,0.0,0.0,0.0,0.0,0.0,0.0,0.0,0.0,0.0,0.0,0.0,0.0,0.0,0.0,0.0,0.0,0.0,0.0,0.0008,0.0003,0.0003,0.0,0.0,0.0,0.0,0.0,0.0,0.0,0.0,0.0,0.0,0.0,0.0,0.0,0.0,0.0,0.0003,0.0002,0.0001,0.0,0.0,0.0,0.0,0.0,0.0,0.0,0.0,0.0,0.0,0.0,0.0,0.0,0.0,0.0,0.0,0.0,0.0008,0.0,0.0,0.0,0.0,0.0,0.0,0.0,0.0,0.0,0.0,0.0,0.0,0.0,0.0,0.0,0.0,0.0,0.0,0.0,0.0,0.0,0.0,0.0,0.0,0.0,0.0,0.0,0.0,0.0,0.0,0.0,0.0,0.0,0.0001,0.0,0.0,0.0,0.0,0.0,0.0,0.0,0.0,0.0,0.0,0.0,0.0,0.0,0.0,0.0,0.0,0.0,0.0001,0.0,0.0002,0.0,0.0,0.0,0.0,0.0,0.0,0.0,0.0,0.0,0.0,0.0,0.0,0.0,0.0,0.0,0.0,0.0,0.0,0.0,0.0,0.0,0.0,0.0,0.0,0.0,0.0,0.0,0.0,0.0,0.0,0.0,0.0,0.0,0.0,0.0,0.0,0.0,0.0,Linear_combination_crossover_normal
7,0.0,0.0,0.0,0.0,0.0,0.0,0.0,0.0,0.0,0.0,0.0,0.0,0.0,0.0,0.0,0.0,0.0,0.0,0.0,0.0,0.0,0.0,0.0,0.0,0.0,0.0,0.0,0.0,0.0,0.0,0.0,0.0,0.0,0.0,0.0001,0.0,0.0,0.0,0.0,0.0,0.0,0.0,0.0,0.0,0.0,0.0,0.0,0.0,0.0,0.0,0.0,0.0,0.0,0.0,0.0,0.0,0.0,0.0,0.0,0.0,0.0,0.0,0.0,0.0,0.0,0.0,0.0,0.0,0.0,0.0,0.0,0.0,0.0,0.0,0.0,0.0,0.0,0.0,0.0,0.0,0.0,0.0,0.0,0.0,0.0,0.0,0.0,0.0,0.0,0.0,0.0,0.0,0.0,0.0,0.0,0.0,0.0,0.0,0.0,0.0,0.0,0.0,0.0,0.0,0.0,0.0,0.0,0.0,0.0,0.0,0.0,0.0,0.0,0.0,0.0,0.0,0.0,0.0,0.0,0.0,0.0,0.0,0.0,0.0,0.0,0.0,0.0,0.0,0.0,0.0,0.0,0.0,0.0,0.0,0.0,0.0,0.0,0.0,0.0,0.0,0.0,0.0001,0.0,0.0,0.0,0.0,0.0,0.0,0.0,0.0,0.0,0.0,0.0,0.0,0.0,0.0,0.0,0.0,0.0,0.0,0.0,0.0,0.0,0.0,0.0,0.0,0.0,0.0,0.0,0.0,0.0,0.0,0.0,0.0,0.0,0.0,0.0,0.0,0.0,0.0,0.0,0.0,0.0,0.0,0.0,0.0,0.0,0.0,0.0,0.0,0.0,0.0,0.0,0.0,0.0,0.0,0.0,0.0,0.0,0.0,Linear_combination_crossover_uniform
8,0.0,4573.3325,0.0,0.0,0.0,0.0,0.0,0.0,0.0,0.0001,0.0001,0.0,0.0003,0.0002,0.0005,0.0014,0.0007,0.0007,0.0,0.0,0.0,0.0,0.0,0.0,0.0001,0.0,0.0,0.0,0.0001,0.0003,0.0005,0.0002,0.0002,0.0023,0.0009,0.0018,0.0,0.0,0.0,0.0,0.0,0.0,0.0,0.0,0.0,0.0001,0.0,0.0,0.0001,0.0002,0.0001,0.001,0.0002,0.0006,0.0,0.0,0.0,0.0,0.0,0.0,0.0,0.0,0.0,0.0,0.0,0.0001,0.0001,0.0,0.0001,0.0009,0.0002,0.0006,0.0,0.0,0.0,0.0,0.0,0.0,0.0,0.0,0.0,0.0,0.0001,0.0,0.0003,0.0002,0.0,0.0009,0.0007,0.0004,0.0,0.0,0.0,0.0,0.0,0.0,0.0,0.0,0.0,0.0,0.0,0.0,0.0001,0.0002,0.0003,0.0004,0.0006,0.0001,0.0,0.0,0.0,0.0,0.0,0.0,0.0,0.0,0.0,0.0,0.0,0.0,0.0,0.0,0.0,0.0001,0.0007,0.0002,0.0,0.0,0.0,0.0,0.0,0.0,0.0,0.0,0.0,0.0,0.0,0.0,0.0,0.0,0.0,0.0001,0.0002,0.0003,0.0,0.0,0.0,0.0,0.0,0.0,0.0,0.0,0.0,0.0,0.0,0.0,0.0,0.0,0.0,0.0002,0.0002,0.0001,0.0,0.0,0.0,0.0,0.0,0.0,0.0,0.0,0.0,0.0,0.0,0.0,0.0,0.0,0.0,0.0002,0.0003,0.0001,0.0,0.0,0.0,0.0,0.0,0.0,0.0,0.0,0.0,0.0,0.0,0.0,0.0001,0.0001,0.0,0.0002,0.0009,0.0002,0.0,0.0,Probabilistic_crossover_normal
9,1197.091,32122.3266,38376.349,0.0,0.0,0.0,0.0,0.0,0.0,0.0,0.0,0.0,0.0002,0.0001,0.0,0.0,0.0001,0.0009,655.7,1003.2686,3372.8332,0.0,0.0,0.0,0.0,0.0,0.0,0.0,0.0,0.0,0.0,0.0,0.0,0.0004,0.0006,0.0007,0.0,0.0,0.0,0.0,0.0,0.0,0.0,0.0,0.0,0.0,0.0,0.0,0.0,0.0,0.0,0.0,0.0001,0.0001,0.0,0.0,0.0,0.0,0.0,0.0,0.0,0.0,0.0,0.0,0.0,0.0,0.0,0.0,0.0,0.0002,0.0,0.0001,0.0,0.0,0.0,0.0,0.0,0.0,0.0,0.0,0.0,0.0,0.0,0.0,0.0,0.0,0.0,0.0,0.0001,0.0001,0.0,0.0,0.0,0.0,0.0,0.0,0.0,0.0,0.0,0.0,0.0,0.0,0.0,0.0,0.0,0.0001,0.0001,0.0001,0.0,0.0,0.0,0.0,0.0,0.0,0.0,0.0,0.0,0.0,0.0,0.0,0.0,0.0,0.0,0.0,0.0,0.0,0.0,0.0,0.0,0.0,0.0,0.0,0.0,0.0,0.0,0.0,0.0,0.0,0.0,0.0,0.0,0.0,0.0,0.0,0.0,0.0,0.0,0.0,0.0,0.0,0.0,0.0,0.0,0.0,0.0,0.0,0.0,0.0,0.0,0.0,0.0,0.0,0.0,0.0,0.0,0.0,0.0,0.0,0.0,0.0,0.0,0.0,0.0,0.0,0.0,0.0,0.0,0.0,0.0,0.0,0.0,0.0,0.0,0.0,0.0,0.0,0.0,0.0,0.0,0.0,0.0,0.0,0.0,0.0,0.0,0.0,0.0001,0.0,0.0,0.0,Probabilistic_crossover_uniform
10,36755.291,2671.8114,842.3378,2.5587,0.0275,0.0473,2.0856,0.3461,9.9955,56.4475,17.4538,1.6284,23.2564,71.9586,7.8569,756.4919,172.2185,74.3349,0.0015,0.0026,184.352,0.6147,0.1956,0.1826,9.7292,3.6439,0.3136,4.8817,1.7039,2.3334,60.8534,5.7615,27.3187,353.8064,117.9234,97.1772,9.8908,0.0437,0.0006,11.465,1.8077,0.0833,51.505,4.6267,9.5638,52.2877,34.0315,4.248,402.1097,35.9477,14.2466,14635.0402,306.9668,87.9898,0.007,21049.3287,0.0007,5.8599,1.4892,1.0825,115.8413,11.6793,1.6557,55.1557,14.9898,3.6685,575.5436,174.7087,7.4155,2072.2614,1755.9995,85.2543,4.8334,0.0007,0.0009,6.5292,1.4292,1.4291,12.7791,20.0366,4.4022,42.7127,85.2249,18.4157,576.9716,855.7953,30.064,3310.2518,921.6141,335.9165,0.0066,0.0108,0.0009,3.2518,3.4644,0.5863,15.6562,2.3063,0.7135,49.2271,24.4785,6.7701,1810.9629,44.6,25.9687,7742.3734,2868.6626,31.3423,3208.3406,0.015,0.0063,331.5845,40.424,2.9907,598.9633,425.8088,36.4809,5000.734,2561.9937,114.0251,70228.1649,1973.7301,121.8097,73193.3665,2831.4225,5591.2006,4953.2339,0.0184,0.0469,3129.2792,16.0994,15.3724,1054.2684,366.8359,13.8051,540.7512,191.3395,105.6979,1745.2628,6753.6972,817.8272,82467.445,41038.9426,1832.2912,356911.3588,45576.5429,129.7688,127305.0457,8665.9435,1077.3172,28618.0431,97696.6397,667.7441,16099.2421,4036.1441,2123.8594,5740.6918,11771.8937,3635.1127,55899.279,46207.6972,27866.8584,53150.9636,25085.9206,1401.4297,56558.2151,3078.5348,298.8179,75673.1708,70691.04,384.0145,14796.7312,17031.5667,374.2024,237849.9837,30004.7985,11012.9404,538413.3546,70650.763,18487.9642,41069.9206,75333.5035,195088.9318,16480.3043,113715.2028,56393.2719,103721.2465,79608.8194,20266.815,11729.4477,108775.5539,12044.9351,183597.0934,86202.0126,40991.9416,330237.6717,61603.9259,65750.9321,179122.4717,68910.5869,singe_point_crossover_normal
11,195397.7638,178196.0619,98111.7195,0.0625,0.0464,0.0039,0.164,0.0938,0.2414,2.0985,3.8852,0.1824,11.1028,5.4979,0.3419,59.973,32.3341,11.7531,79020.7899,79571.5451,55404.7704,0.1629,0.0087,0.0086,0.5884,0.1555,0.05,10.323,1.3129,0.3738,2.754,0.4886,0.7371,27.804,18.4227,7.5063,38206.7801,4769.7577,16071.9593,0.3475,0.0968,0.0319,7.2575,0.6918,0.6168,4.1114,0.7577,3.4216,41.4706,3.4567,14.3144,65.0661,18.5634,6.4043,46825.3432,3443.1287,6708.3005,0.4002,0.088,0.0145,0.7279,0.1372,0.1352,4.8876,0.8405,0.0843,24.4204,7.3094,0.8622,456.6397,27.4036,0.7106,91187.4948,86.1357,0.0,0.1563,0.0643,0.0214,1.9165,0.8205,0.3938,1.6741,2.4756,0.9144,21.0332,17.1845,1.141,154.706,128.3981,20.4971,25281.1238,35708.5475,23769.1973,0.4127,0.0213,0.0237,0.6522,1.169,0.9347,2.7572,0.8058,0.2142,9.255,2.8564,5.3261,133.2883,20.5402,7.3354,10338.8681,0.0026,0.0003,1.2589,0.3186,0.0691,10.0949,4.7956,3.4164,17.1954,7.6786,5.3849,102.9192,38.8587,20.8747,971.1168,432.4885,109.3479,7708.9026,0.0015,0.0015,1.0103,0.5908,0.5147,8.2103,3.4462,1.6656,29.915,9.3045,5.4522,68.4571,83.1065,21.6413,607.7443,222.1427,157.1732,0.0046,0.004,0.0033,1.3802,2.2784,0.547,17.8076,15.7037,5.3709,48.1899,16.8432,19.4869,144.1271,44.9756,81.3714,1104.7135,1180.7092,229.4793,0.0039,0.0042,0.0018,3.2339,1.188,1.5224,18.4113,7.25,4.9073,59.2099,19.9616,25.6146,189.372,142.6501,74.7612,568.7492,406.3754,404.7751,0.0051,0.011,0.0032,6.7533,3.7902,0.7653,16.3342,22.7564,10.6714,121.361,24.8948,26.078,344.1197,235.7145,343.2991,1737.9496,578.5917,1797.7059,0.0057,0.007,singe_point_crossover_uniform
12,0.0,0.0,0.0,0.0,0.0,0.0,0.0,0.0,0.0,0.0,0.0,0.0,0.0,0.0,0.0,0.0,0.0013,0.0001,0.0,0.0,0.0,0.0,0.0,0.0,0.0,0.0,0.0,0.0,0.0,0.0,0.0,0.0,0.0001,0.0009,0.0002,0.0003,0.0,0.0,0.0,0.0,0.0,0.0,0.0,0.0,0.0,0.0,0.0,0.0,0.0,0.0,0.0,0.0001,0.0005,0.0001,0.0,0.0,0.0,0.0,0.0,0.0,0.0,0.0,0.0,0.0,0.0,0.0,0.0,0.0,0.0,0.0008,0.0004,0.0001,0.0,0.0,0.0,0.0,0.0,0.0,0.0,0.0,0.0,0.0,0.0,0.0,0.0,0.0,0.0,0.0,0.0,0.0,0.0,0.0,0.0,0.0,0.0,0.0,0.0,0.0,0.0,0.0,0.0,0.0,0.0,0.0001,0.0001,0.0,0.0,0.0,0.0,0.0,0.0,0.0,0.0,0.0,0.0,0.0,0.0,0.0,0.0,0.0,0.0,0.0,0.0,0.0,0.0001,0.0,0.0,0.0,0.0,0.0,0.0,0.0,0.0,0.0,0.0,0.0,0.0,0.0,0.0,0.0,0.0,0.0,0.0002,0.0,0.0,0.0,0.0,0.0,0.0,0.0,0.0,0.0,0.0,0.0,0.0,0.0,0.0,0.0,0.0,0.0001,0.0,0.0,0.0,0.0,0.0,0.0,0.0,0.0,0.0,0.0,0.0,0.0,0.0,0.0,0.0,0.0,0.0,0.0003,0.0,0.0,0.0,0.0,0.0,0.0,0.0,0.0,0.0,0.0,0.0,0.0,0.0,0.0,0.0,0.0,0.0,0.0,0.0002,0.0,0.0,0.0,Linear_combination_crossover_normal
13,0.0,0.0,0.0,0.0,0.0,0.0,0.0,0.0,0.0,0.0,0.0,0.0,0.0,0.0,0.0,0.0001,0.0,0.0,0.0,0.0,0.0,0.0,0.0,0.0,0.0,0.0,0.0,0.0,0.0,0.0,0.0,0.0,0.0,0.0001,0.0,0.0,0.0,0.0,0.0,0.0,0.0,0.0,0.0,0.0,0.0,0.0,0.0,0.0,0.0,0.0,0.0,0.0,0.0001,0.0,0.0,0.0,0.0,0.0,0.0,0.0,0.0,0.0,0.0,0.0,0.0,0.0,0.0,0.0,0.0,0.0,0.0,0.0,0.0,0.0,0.0,0.0,0.0,0.0,0.0,0.0,0.0,0.0,0.0,0.0,0.0,0.0,0.0,0.0,0.0,0.0,0.0,0.0,0.0,0.0,0.0,0.0,0.0,0.0,0.0,0.0,0.0,0.0,0.0,0.0,0.0,0.0,0.0,0.0,0.0,0.0,0.0,0.0,0.0,0.0,0.0,0.0,0.0,0.0,0.0,0.0,0.0,0.0,0.0,0.0,0.0,0.0,0.0,0.0,0.0,0.0,0.0,0.0,0.0,0.0,0.0,0.0,0.0,0.0,0.0,0.0,0.0,0.0,0.0,0.0,0.0,0.0,0.0,0.0,0.0,0.0,0.0,0.0,0.0,0.0,0.0,0.0,0.0,0.0,0.0,0.0,0.0,0.0,0.0,0.0,0.0,0.0,0.0,0.0,0.0,0.0,0.0,0.0,0.0,0.0,0.0,0.0,0.0,0.0,0.0,0.0,0.0,0.0,0.0,0.0,0.0,0.0,0.0,0.0,0.0,0.0,0.0,0.0,0.0,0.0,0.0,0.0,0.0,0.0,0.0,0.0,Linear_combination_crossover_uniform
14,0.0,0.0,0.0,0.0,0.0,0.0,0.0,0.0,0.0,0.0001,0.0002,0.0,0.0001,0.0008,0.0001,0.0012,0.0016,0.0031,0.0,0.0,0.0,0.0,0.0,0.0,0.0,0.0,0.0,0.0001,0.0001,0.0001,0.0005,0.0003,0.0008,0.001,0.0016,0.0012,0.0,0.0,0.0,0.0,0.0,0.0,0.0,0.0,0.0,0.0,0.0,0.0,0.0002,0.0001,0.0001,0.0009,0.0009,0.0021,0.0,0.0,0.0,0.0,0.0,0.0,0.0,0.0,0.0,0.0001,0.0,0.0001,0.0001,0.0001,0.0001,0.0024,0.0005,0.0011,0.0,0.0,0.0,0.0,0.0,0.0,0.0,0.0,0.0,0.0,0.0,0.0,0.0002,0.0001,0.0001,0.0007,0.0009,0.0002,0.0,0.0,0.0,0.0,0.0,0.0,0.0,0.0,0.0,0.0,0.0,0.0,0.0001,0.0,0.0002,0.0013,0.0005,0.0008,0.0,0.0,0.0,0.0,0.0,0.0,0.0,0.0,0.0,0.0,0.0,0.0,0.0,0.0,0.0,0.0002,0.0004,0.0001,0.0,0.0,0.0,0.0,0.0,0.0,0.0,0.0,0.0,0.0,0.0,0.0,0.0,0.0,0.0,0.0002,0.0001,0.0001,0.0,0.0,0.0,0.0,0.0,0.0,0.0,0.0,0.0,0.0,0.0,0.0,0.0,0.0,0.0,0.0002,0.0,0.0003,0.0,0.0,0.0,0.0,0.0,0.0,0.0,0.0,0.0,0.0,0.0,0.0,0.0,0.0,0.0,0.0003,0.0001,0.0001,0.0,0.0,0.0,0.0,0.0,0.0,0.0,0.0,0.0,0.0,0.0,0.0,0.0,0.0,0.0,0.0006,0.0003,0.0002,0.0,0.0,Probabilistic_crossover_normal
15,63671.8355,0.0,3261.2476,0.0,0.0,0.0,0.0,0.0,0.0,0.0,0.0,0.0,0.0001,0.0,0.0,0.0001,0.0003,0.0005,2774.7845,1947.273,272.1888,0.0,0.0,0.0,0.0,0.0,0.0,0.0,0.0,0.0,0.0,0.0,0.0002,0.0001,0.0005,0.0004,0.0,0.0,0.0,0.0,0.0,0.0,0.0,0.0,0.0,0.0,0.0,0.0,0.0,0.0,0.0,0.0001,0.0002,0.0001,0.0,0.0,0.0,0.0,0.0,0.0,0.0,0.0,0.0,0.0,0.0,0.0,0.0,0.0,0.0,0.0003,0.0001,0.0001,0.0,10137.7898,0.0,0.0,0.0,0.0,0.0,0.0,0.0,0.0,0.0,0.0,0.0,0.0,0.0,0.0001,0.0003,0.0001,0.0,0.0,0.0,0.0,0.0,0.0,0.0,0.0,0.0,0.0,0.0,0.0,0.0,0.0,0.0,0.0001,0.0001,0.0002,0.0,0.0,0.0,0.0,0.0,0.0,0.0,0.0,0.0,0.0,0.0,0.0,0.0,0.0,0.0,0.0,0.0,0.0,0.0,0.0,0.0,0.0,0.0,0.0,0.0,0.0,0.0,0.0,0.0,0.0,0.0,0.0,0.0,0.0,0.0,0.0,0.0,0.0,0.0,0.0,0.0,0.0,0.0,0.0,0.0,0.0,0.0,0.0,0.0,0.0,0.0,0.0,0.0,0.0,0.0,0.0,0.0,0.0,0.0,0.0,0.0,0.0,0.0,0.0,0.0,0.0,0.0,0.0,0.0,0.0,0.0,0.0,0.0,0.0,0.0,0.0,0.0,0.0,0.0,0.0,0.0,0.0,0.0,0.0,0.0,0.0,0.0,0.0,0.0,0.0,0.0,0.0,Probabilistic_crossover_uniform
16,15410.49,26452.5835,14039.4238,6.5711,0.0346,0.1174,4.9785,1.3602,0.4839,9.7821,1.6182,1.7298,375.1312,86.6141,20.545,79.6291,231.5298,120.1413,51975.2322,1002.9645,3082.6859,2.1856,0.1222,0.2772,2.9991,4.9312,1.5475,15.9813,1.0354,1.1244,66.1186,5.0747,3.9706,1702.7716,59.98,60.166,0.0137,24099.7818,0.0006,18.7961,3.686,0.3787,47.2222,9.4896,16.4367,27.3765,20.2638,4.4966,72.1139,169.7448,11.6512,1104.1042,378.2549,193.3565,0.006,0.003,0.0008,0.8359,4.3737,0.1961,69.6402,3.5857,1.7127,102.4243,17.9445,19.652,338.5127,137.3409,16.6725,2191.3523,2185.0466,244.6798,0.0165,0.0044,0.0009,3.7202,0.8807,0.4558,11.3777,946.1625,1.9755,367.4964,145.425,3.4062,179.5265,39.6872,53.5193,6958.5252,331.237,1243.6478,294.9018,0.0016,0.0001,2.4366,4.5013,0.1727,16.619,2.9245,7.1391,243.5454,19.2679,15.1956,375.1022,94.5589,5.1184,821.4666,529.584,281.7689,58446.963,0.0393,0.0179,43781.0388,123.3353,17.717,3992.4608,1420.3432,34.7974,4629.1741,396.1009,754.3139,1917.2923,1566.4788,268.8902,70217.8183,8010.6852,1001.1197,33421.2543,0.0286,0.0168,33090.3033,7.7347,15.686,100.1132,155.1373,16.645,324.1907,533.6053,182.5138,2954.7128,1817.1521,429.6772,4335.6842,5688.3987,5025.9441,32267.4344,16090.5138,921.9237,36394.8316,2572.3477,26.2069,62940.6183,3242.7663,46.3462,3880.9219,9566.4019,192.1175,205608.4338,41366.343,691.9929,148562.787,34037.6739,57828.1358,83197.8173,7463.2841,5.9535,35248.4743,8318.6781,70.4631,117844.6911,20645.66,355.1477,66550.8323,5463.5281,407.2335,23568.0739,41341.4653,6913.8855,82164.1952,140634.3093,20475.4003,515849.3309,191934.5932,6852.2249,53018.4442,136248.9887,44296.8591,21328.8734,201274.1548,103231.9795,171531.3115,160799.1388,11490.6031,267241.7191,111979.0678,128192.3009,204587.9312,163473.8847,33009.374,246129.3871,38046.4859,singe_point_crossover_normal
17,34406.6246,71642.9567,94750.0401,0.2741,0.1553,0.0664,0.2338,0.3965,0.0635,2.179,0.8297,0.1321,7.4156,2.9221,0.209,31.3184,11.6984,9.9762,122674.4716,100723.6308,43765.6206,0.196,0.025,0.0145,0.4028,0.1582,0.0835,3.1168,0.8408,0.9996,4.1613,2.0497,1.2776,41.8249,17.2392,2.4102,68087.9087,50650.4861,4572.1263,0.7254,0.0588,0.0662,0.9762,0.4015,0.011,12.0487,0.2491,0.7826,39.4386,4.3398,1.295,122.6992,11.8445,30.3243,15121.4876,50981.2313,0.0001,0.3807,0.1083,0.0149,1.0488,0.4259,0.0815,1.2727,0.7361,0.8322,19.4247,2.0511,0.3963,162.2182,94.3245,3.2361,10179.8733,13407.8603,0.0001,0.4222,0.0967,0.0865,2.1048,1.0604,0.1063,1.8852,0.4783,0.2221,13.9848,33.5582,1.563,267.6743,102.4126,9.9513,13608.0488,4918.3547,12106.6094,0.3959,0.077,0.0115,0.4938,0.9435,0.6319,3.0612,2.406,0.3519,46.8318,7.3232,5.7855,338.3704,98.827,66.2074,7909.5873,0.0008,0.0005,0.7614,0.5606,0.4984,4.5116,5.329,0.3792,11.6861,5.6432,3.1481,67.2039,35.7264,5.1574,143.5676,980.0309,121.1192,0.0011,0.0011,0.0008,1.1585,0.7703,1.4461,1.2629,3.4387,1.5413,12.5882,5.8688,3.6283,59.5653,47.029,37.737,340.5222,270.0819,322.874,0.0014,0.0019,0.0009,2.6391,0.7756,1.6182,6.19,10.335,7.9279,21.0544,11.5351,10.9994,203.2216,106.7064,94.1048,615.1086,516.3946,469.0896,0.0078,0.0044,0.0015,0.729,1.6137,0.5734,10.1859,12.6005,3.814,84.2987,30.4164,8.9298,223.2934,56.8791,95.6051,2078.817,312.4726,646.899,0.0074,0.0075,0.0018,9.8277,1.8974,2.634,63.1065,13.345,8.3209,13.4533,27.1603,20.488,294.3478,121.5961,257.7134,1408.1127,1266.9877,862.381,0.003,0.0069,singe_point_crossover_uniform
18,0.0,0.0,0.0,0.0,0.0,0.0,0.0,0.0,0.0,0.0,0.0,0.0001,0.0001,0.0,0.0,0.0003,0.0003,0.0003,0.0,0.0,0.0,0.0,0.0,0.0,0.0,0.0,0.0,0.0,0.0,0.0,0.0,0.0,0.0001,0.0011,0.0,0.001,0.0,0.0,0.0,0.0,0.0,0.0,0.0,0.0,0.0,0.0,0.0,0.0,0.0001,0.0,0.0,0.0001,0.0,0.0,0.0,0.0,0.0,0.0,0.0,0.0,0.0,0.0,0.0,0.0,0.0,0.0,0.0,0.0,0.0,0.0,0.0,0.0001,0.0,0.0,0.0,0.0,0.0,0.0,0.0,0.0,0.0,0.0,0.0,0.0,0.0,0.0,0.0,0.0,0.0003,0.0001,0.0,0.0,0.0,0.0,0.0,0.0,0.0,0.0,0.0,0.0,0.0,0.0,0.0,0.0,0.0,0.0,0.0,0.0,0.0,0.0,0.0,0.0,0.0,0.0,0.0,0.0,0.0,0.0,0.0,0.0,0.0,0.0,0.0,0.0001,0.0,0.0001,0.0,0.0,0.0,0.0,0.0,0.0,0.0,0.0,0.0,0.0,0.0,0.0,0.0,0.0,0.0,0.0,0.0,0.0,0.0,0.0,0.0,0.0,0.0,0.0,0.0,0.0,0.0,0.0,0.0,0.0,0.0,0.0,0.0,0.0,0.0,0.0,0.0,0.0,0.0,0.0,0.0,0.0,0.0,0.0,0.0,0.0,0.0,0.0,0.0,0.0,0.0,0.0,0.0003,0.0,0.0,0.0,0.0,0.0,0.0,0.0,0.0,0.0,0.0,0.0,0.0,0.0,0.0,0.0,0.0,0.0,0.0002,0.0001,0.0,0.0,Linear_combination_crossover_normal
19,0.0,0.0,0.0,0.0,0.0,0.0,0.0,0.0,0.0,0.0,0.0,0.0,0.0,0.0,0.0,0.0001,0.0001,0.0,0.0,0.0,0.0,0.0,0.0,0.0,0.0,0.0,0.0,0.0,0.0,0.0,0.0,0.0,0.0,0.0001,0.0,0.0,0.0,0.0,0.0,0.0,0.0,0.0,0.0,0.0,0.0,0.0,0.0,0.0,0.0,0.0,0.0,0.0001,0.0001,0.0,0.0,0.0,0.0,0.0,0.0,0.0,0.0,0.0,0.0,0.0,0.0,0.0,0.0,0.0,0.0,0.0,0.0,0.0,0.0,0.0,0.0,0.0,0.0,0.0,0.0,0.0,0.0,0.0,0.0,0.0,0.0,0.0,0.0,0.0,0.0,0.0,0.0,0.0,0.0,0.0,0.0,0.0,0.0,0.0,0.0,0.0,0.0,0.0,0.0,0.0,0.0,0.0,0.0,0.0,0.0,0.0,0.0,0.0,0.0,0.0,0.0,0.0,0.0,0.0,0.0,0.0,0.0,0.0,0.0,0.0,0.0,0.0,0.0,0.0,0.0,0.0,0.0,0.0,0.0,0.0,0.0,0.0,0.0,0.0,0.0,0.0,0.0,0.0,0.0,0.0,0.0,0.0,0.0,0.0,0.0,0.0,0.0,0.0,0.0,0.0,0.0,0.0,0.0,0.0,0.0,0.0,0.0,0.0,0.0,0.0,0.0,0.0,0.0,0.0,0.0,0.0,0.0,0.0,0.0,0.0,0.0,0.0,0.0,0.0,0.0,0.0,0.0,0.0,0.0,0.0,0.0,0.0,0.0,0.0,0.0,0.0,0.0,0.0,0.0,0.0,0.0,0.0,0.0,0.0,0.0,0.0,Linear_combination_crossover_uniform
20,0.0,0.0,0.0,0.0,0.0,0.0,0.0,0.0,0.0,0.0001,0.0,0.0001,0.0003,0.0006,0.0008,0.0023,0.001,0.0008,0.0,0.0,0.0,0.0,0.0,0.0,0.0,0.0,0.0,0.0001,0.0001,0.0,0.0001,0.0009,0.0005,0.0021,0.0018,0.0009,0.0,0.0,0.0,0.0,0.0,0.0,0.0,0.0,0.0,0.0,0.0,0.0,0.0002,0.0001,0.0001,0.0006,0.0005,0.0004,0.0,0.0,0.0,0.0,0.0,0.0,0.0,0.0,0.0,0.0001,0.0,0.0,0.0001,0.0,0.0001,0.002,0.0006,0.0007,0.0,0.0,0.0,0.0,0.0,0.0,0.0,0.0,0.0,0.0,0.0001,0.0,0.0002,0.0002,0.0002,0.0003,0.0004,0.0006,0.0,0.0,0.0,0.0,0.0,0.0,0.0,0.0,0.0,0.0,0.0,0.0,0.0001,0.0002,0.0002,0.0004,0.0009,0.0003,0.0,0.0,0.0,0.0,0.0,0.0,0.0,0.0,0.0,0.0,0.0,0.0,0.0,0.0001,0.0001,0.0002,0.0002,0.0005,0.0,0.0,0.0,0.0,0.0,0.0,0.0,0.0,0.0,0.0,0.0,0.0,0.0,0.0,0.0,0.0002,0.0002,0.0006,0.0,0.0,0.0,0.0,0.0,0.0,0.0,0.0,0.0,0.0,0.0,0.0,0.0,0.0,0.0,0.0001,0.0001,0.0002,0.0,0.0,0.0,0.0,0.0,0.0,0.0,0.0,0.0,0.0,0.0,0.0,0.0001,0.0,0.0,0.0001,0.0001,0.0001,0.0,0.0,0.0,0.0,0.0,0.0,0.0,0.0,0.0,0.0,0.0,0.0,0.0,0.0001,0.0,0.0003,0.0003,0.0005,0.0,0.0,Probabilistic_crossover_normal
21,3859.1311,0.0,8447.3632,0.0,0.0,0.0,0.0,0.0,0.0,0.0,0.0,0.0,0.0,0.0,0.0,0.0003,0.0001,0.0003,0.0,0.0,9916.9944,0.0,0.0,0.0,0.0,0.0,0.0,0.0,0.0,0.0,0.0,0.0001,0.0,0.0002,0.0003,0.0004,0.0,0.0,0.0,0.0,0.0,0.0,0.0,0.0,0.0,0.0,0.0,0.0,0.0,0.0,0.0,0.0001,0.0001,0.0001,0.0,0.0,0.0,0.0,0.0,0.0,0.0,0.0,0.0,0.0,0.0,0.0,0.0,0.0,0.0,0.0001,0.0004,0.0001,0.0,0.0,0.0,0.0,0.0,0.0,0.0,0.0,0.0,0.0,0.0,0.0,0.0,0.0,0.0,0.0001,0.0001,0.0001,0.0,0.0,0.0,0.0,0.0,0.0,0.0,0.0,0.0,0.0,0.0,0.0,0.0,0.0,0.0,0.0001,0.0001,0.0001,0.0,0.0,0.0,0.0,0.0,0.0,0.0,0.0,0.0,0.0,0.0,0.0,0.0,0.0,0.0,0.0,0.0,0.0,0.0,0.0,0.0,0.0,0.0,0.0,0.0,0.0,0.0,0.0,0.0,0.0,0.0,0.0,0.0,0.0,0.0,0.0001,0.0,0.0,0.0,0.0,0.0,0.0,0.0,0.0,0.0,0.0,0.0,0.0,0.0,0.0,0.0,0.0,0.0,0.0,0.0,0.0,0.0,0.0,0.0,0.0,0.0,0.0,0.0,0.0,0.0,0.0,0.0,0.0,0.0,0.0,0.0,0.0,0.0,0.0,0.0,0.0,0.0,0.0,0.0,0.0,0.0,0.0,0.0,0.0,0.0,0.0,0.0,0.0,0.0,0.0,0.0,0.0,Probabilistic_crossover_uniform
22,20443.0218,17347.2178,2283.4443,2.805,0.2533,0.2733,6.2116,0.2184,5.876,1.8557,17.7112,4.3664,40.9164,68.232,19.1229,589.1623,258.2383,114.4316,0.0041,344.5484,3716.2556,0.8719,0.0775,0.0494,9.6708,1.9938,0.3482,30.85,6.9497,2.9568,95.5398,163.0099,27.1132,3396.8028,82.1399,49.1474,23.4315,0.0012,0.0007,11.499,0.5247,0.6345,8.4476,41.6454,22.4714,34.0727,14.695,4.2522,252.7594,70.2864,59.558,2625.6628,64.8475,112.7385,2886.382,0.0014,0.0,4.3134,1.7049,0.6491,12.0119,2.5594,6.0333,102.636,17.1408,1.731,244.3832,68.2887,24.4512,3404.9577,990.6225,56.466,4655.9027,0.0024,0.0004,3.7408,2.627,4.7704,7.2031,2.1304,4.6747,16.4061,32.6817,6.7397,67.3206,98.6257,34.642,290.0192,531.3495,810.5024,62913.7783,0.0018,0.0017,13.6667,0.6162,0.2879,21.075,5.5626,4.8905,91.2959,59.5677,1.4236,864.8994,43.8619,23.0553,2031.7888,414.4249,260.8016,55560.3651,0.0669,0.0047,70431.747,32.5127,9.6356,79260.3057,64.5288,22.2897,24833.5016,569.5541,115.9941,21493.3013,1281.0598,303.8959,10931.1801,4358.6242,7811.7829,0.0259,0.0184,0.0089,55280.254,38.5736,9.0421,600.7416,47.0348,18.5056,858.1538,307.1691,114.0777,7596.0909,2445.7959,492.8852,9816.1199,5844.8392,2780.7347,50670.0948,22146.8904,73734.6714,140236.2023,56426.0295,10506.7441,182811.9978,1113.6418,967.0931,10009.806,106514.8537,4535.5225,48543.4463,6248.2515,7457.2117,78679.7058,82981.3267,85692.9343,194754.6923,38972.8948,38.1485,410048.77,853.9271,386.0879,68863.7388,17706.7062,98.2967,62044.0979,15129.3224,2299.4187,60540.468,26504.829,10422.8416,59640.8684,14651.3513,23210.5405,124157.2396,217459.2912,124801.3529,50413.8537,167180.9214,41536.2635,141664.3428,170487.409,171604.876,25964.9766,85407.4255,132516.8735,21472.0798,223210.9666,10034.1655,313963.168,285851.3898,59195.164,134767.1373,34028.4694,singe_point_crossover_normal
23,68228.7393,18455.9677,81929.4288,0.0703,0.0185,0.0292,0.22,0.0327,0.0812,1.4097,0.2774,0.1236,12.0149,4.8547,1.6852,15.9722,11.9259,7.2706,59867.2759,10559.9689,10242.2897,0.0777,0.0275,0.019,0.0431,0.1638,0.1578,0.703,0.2287,0.1942,4.6904,3.6766,1.1544,38.6239,4.9719,11.5436,8666.635,363.0244,126.3727,0.0624,0.0776,0.0284,3.9042,0.7873,1.588,1.3887,0.5184,0.6824,37.1751,11.771,2.8012,147.6466,24.0231,66.14,49309.4922,23296.9078,50127.7706,0.1296,0.0769,0.0355,1.9626,0.5112,0.0514,4.6602,1.0808,0.1149,13.1893,12.2647,0.6964,68.2861,94.2115,27.2326,66446.3794,2827.7335,35591.5437,0.8243,0.099,0.0554,0.6786,0.5839,0.4317,2.5397,3.5576,2.8048,4.347,2.2756,10.7657,170.6796,221.4081,54.7575,94494.0893,5725.1508,2084.0376,0.3037,0.0564,0.1894,5.2649,0.3626,0.3072,5.0155,3.5026,1.0254,7.7551,5.4579,3.2486,396.6666,29.4071,8.6158,46298.4379,0.0009,0.0008,1.2987,0.6678,0.3108,4.2279,1.3098,1.0822,19.9435,2.0239,4.7235,151.1704,296.6473,68.5285,372.6214,199.9476,60.661,0.0034,0.0011,0.0004,0.9391,1.0344,0.7957,4.3494,3.7389,1.9266,8.3718,19.0776,4.2676,67.7949,55.4272,33.2158,450.2465,262.3223,120.9713,0.0026,0.0015,0.0014,2.8137,2.1012,1.2871,13.9265,10.0209,5.8099,19.0109,26.0984,10.2014,119.0289,107.157,22.4069,683.653,485.1026,262.9909,0.0019,0.0026,0.0013,3.2853,1.9667,0.7923,13.4941,5.6053,4.6427,24.7948,31.5078,9.519,93.6052,135.364,67.4706,1827.7904,485.2605,357.9344,0.0031,0.003,0.0021,4.1115,5.2027,2.3882,21.7633,16.963,14.9571,66.5344,26.4557,37.4883,322.1309,143.8624,273.0774,919.1894,677.4606,776.1514,0.0093,0.0039,singe_point_crossover_uniform
24,0.0,0.0,0.0,0.0,0.0,0.0,0.0,0.0,0.0,0.0,0.0,0.0,0.0003,0.0003,0.0,0.0002,0.0009,0.0001,0.0,0.0,0.0,0.0,0.0,0.0,0.0,0.0,0.0,0.0,0.0,0.0,0.0001,0.0,0.0,0.0,0.0002,0.0009,0.0,0.0,0.0,0.0,0.0,0.0,0.0,0.0,0.0,0.0,0.0,0.0,0.0,0.0,0.0,0.0001,0.0,0.0,0.0,0.0,0.0,0.0,0.0,0.0,0.0,0.0,0.0,0.0,0.0,0.0,0.0,0.0,0.0,0.0,0.0,0.0,0.0,0.0,0.0,0.0,0.0,0.0,0.0,0.0,0.0,0.0,0.0,0.0,0.0,0.0,0.0,0.0003,0.0001,0.0001,0.0,0.0,0.0,0.0,0.0,0.0,0.0,0.0,0.0,0.0,0.0,0.0,0.0001,0.0,0.0,0.0,0.0001,0.0,0.0,0.0,0.0,0.0,0.0,0.0,0.0,0.0,0.0,0.0,0.0,0.0,0.0,0.0,0.0001,0.0,0.0,0.0,0.0,0.0,0.0,0.0,0.0,0.0,0.0,0.0,0.0,0.0,0.0,0.0,0.0,0.0,0.0,0.0,0.0,0.0,0.0,0.0,0.0,0.0,0.0,0.0,0.0,0.0,0.0,0.0,0.0,0.0,0.0,0.0,0.0,0.0,0.0,0.0,0.0,0.0,0.0,0.0,0.0,0.0,0.0,0.0,0.0,0.0,0.0,0.0,0.0,0.0,0.0,0.0,0.0,0.0,0.0,0.0,0.0,0.0,0.0,0.0,0.0,0.0,0.0,0.0,0.0,0.0,0.0,0.0,0.0,0.0,0.0,0.0,0.0,0.0,Linear_combination_crossover_normal
25,0.0,0.0,0.0,0.0,0.0,0.0,0.0,0.0,0.0,0.0,0.0,0.0,0.0,0.0,0.0,0.0,0.0,0.0,0.0,0.0,0.0,0.0,0.0,0.0,0.0,0.0,0.0,0.0,0.0,0.0,0.0,0.0,0.0,0.0,0.0,0.0,0.0,0.0,0.0,0.0,0.0,0.0,0.0,0.0,0.0,0.0,0.0,0.0,0.0,0.0,0.0,0.0,0.0,0.0,0.0,0.0,0.0,0.0,0.0,0.0,0.0,0.0,0.0,0.0,0.0,0.0,0.0,0.0,0.0,0.0,0.0,0.0,0.0,0.0,0.0,0.0,0.0,0.0,0.0,0.0,0.0,0.0,0.0,0.0,0.0,0.0,0.0,0.0,0.0,0.0,0.0,0.0,0.0,0.0,0.0,0.0,0.0,0.0,0.0,0.0,0.0,0.0,0.0,0.0,0.0,0.0,0.0,0.0002,0.0,0.0,0.0,0.0,0.0,0.0,0.0,0.0,0.0,0.0,0.0,0.0,0.0,0.0,0.0,0.0,0.0,0.0,0.0,0.0,0.0,0.0,0.0,0.0,0.0,0.0,0.0,0.0,0.0,0.0,0.0,0.0,0.0,0.0,0.0,0.0,0.0,0.0,0.0,0.0,0.0,0.0,0.0,0.0,0.0,0.0,0.0,0.0,0.0,0.0,0.0,0.0,0.0,0.0,0.0,0.0,0.0,0.0,0.0,0.0,0.0,0.0,0.0,0.0,0.0,0.0,0.0,0.0,0.0,0.0,0.0,0.0,0.0,0.0,0.0,0.0,0.0,0.0,0.0,0.0,0.0,0.0,0.0,0.0,0.0,0.0,0.0,0.0,0.0,0.0,0.0,0.0,Linear_combination_crossover_uniform
26,0.0,0.0,0.0,0.0,0.0,0.0,0.0,0.0,0.0,0.0,0.0,0.0001,0.0004,0.0004,0.0004,0.0023,0.0019,0.0019,0.0,0.0,0.0,0.0,0.0,0.0,0.0,0.0,0.0,0.0001,0.0,0.0001,0.0002,0.0003,0.0009,0.0012,0.0018,0.0012,0.0,0.0,0.0,0.0,0.0,0.0,0.0,0.0,0.0,0.0,0.0001,0.0,0.0,0.0003,0.0001,0.002,0.0007,0.0017,0.0,0.0,0.0,0.0,0.0,0.0,0.0,0.0,0.0,0.0,0.0,0.0,0.0002,0.0001,0.0003,0.0006,0.0005,0.0002,0.0,0.0,0.0,0.0,0.0,0.0,0.0,0.0,0.0,0.0,0.0,0.0,0.0001,0.0001,0.0001,0.0005,0.0002,0.0006,0.0,0.0,0.0,0.0,0.0,0.0,0.0,0.0,0.0,0.0,0.0,0.0,0.0001,0.0002,0.0002,0.0003,0.0005,0.0003,0.0,0.0,0.0,0.0,0.0,0.0,0.0,0.0,0.0,0.0,0.0,0.0,0.0,0.0,0.0,0.0002,0.0002,0.0001,0.0,0.0,0.0,0.0,0.0,0.0,0.0,0.0,0.0,0.0,0.0,0.0,0.0,0.0,0.0,0.0002,0.0001,0.0003,0.0,0.0,0.0,0.0,0.0,0.0,0.0,0.0,0.0,0.0,0.0,0.0,0.0001,0.0,0.0,0.0003,0.0006,0.0001,0.0,0.0,0.0,0.0,0.0,0.0,0.0,0.0,0.0,0.0,0.0,0.0,0.0,0.0,0.0,0.0003,0.0002,0.0001,0.0,0.0,0.0,0.0,0.0,0.0,0.0,0.0,0.0,0.0,0.0,0.0,0.0,0.0,0.0,0.0003,0.0002,0.0005,0.0,0.0,Probabilistic_crossover_normal
27,0.0,82.6406,339.6553,0.0,0.0,0.0,0.0,0.0,0.0,0.0,0.0,0.0,0.0,0.0001,0.0001,0.0003,0.0002,0.0002,12039.8598,0.0,0.0,0.0,0.0,0.0,0.0,0.0,0.0,0.0,0.0,0.0,0.0,0.0001,0.0001,0.0001,0.0001,0.0001,0.0,4.9369,0.0,0.0,0.0,0.0,0.0,0.0,0.0,0.0,0.0,0.0,0.0001,0.0,0.0,0.0003,0.0,0.0,0.0,0.0,0.0,0.0,0.0,0.0,0.0,0.0,0.0,0.0,0.0,0.0,0.0,0.0,0.0,0.0002,0.0,0.0001,0.0,0.0,0.0,0.0,0.0,0.0,0.0,0.0,0.0,0.0,0.0,0.0,0.0,0.0,0.0,0.0,0.0,0.0001,261.449,0.0,0.0,0.0,0.0,0.0,0.0,0.0,0.0,0.0,0.0,0.0,0.0,0.0,0.0,0.0001,0.0001,0.0001,0.0,0.0,0.0,0.0,0.0,0.0,0.0,0.0,0.0,0.0,0.0,0.0,0.0,0.0,0.0,0.0,0.0,0.0,0.0,0.0,0.0,0.0,0.0,0.0,0.0,0.0,0.0,0.0,0.0,0.0,0.0,0.0,0.0,0.0,0.0,0.0,0.0,0.0,0.0,0.0,0.0,0.0,0.0,0.0,0.0,0.0,0.0,0.0,0.0,0.0,0.0,0.0,0.0,0.0,0.0,0.0,0.0,0.0,0.0,0.0,0.0,0.0,0.0,0.0,0.0,0.0,0.0,0.0,0.0,0.0,0.0,0.0,0.0,0.0,0.0,0.0,0.0,0.0,0.0,0.0,0.0,0.0,0.0,0.0,0.0,0.0,0.0,0.0,0.0,0.0,0.0,0.0,Probabilistic_crossover_uniform
28,4968.604,5527.829,33106.4482,0.5096,0.3236,0.245,26.9716,2.8343,0.7916,168.1206,10.8809,10.6402,324.1814,76.6921,12.7605,1831.3554,162.2861,69.0631,992.436,0.0002,0.0002,2.1617,0.2773,0.2138,3.4474,2.1205,0.1435,57.2898,6.5602,3.2223,41.8192,12.6739,58.3666,639.7342,48.4065,47.2783,0.0057,2110.8515,0.001,1.2411,0.2693,0.3967,34.984,9.2527,0.3665,175.0986,5.0083,2.5267,156.7727,691.0524,254.9459,2124.9592,169.7321,99.5144,9.3906,0.0019,0.0012,23.1814,0.4046,1.6749,61.8485,17.2515,20.7361,80.6357,17.9645,11.6534,98.1295,77.7924,50.1384,1288.9461,319.1452,445.1214,0.0077,0.0006,0.0022,2.2146,11.3966,0.281,13.5049,9.5534,9.5486,492.6482,49.5244,8.3876,1355.549,135.5374,779.5109,4785.5335,544.5379,626.3313,17175.9821,7441.0022,0.0005,2.8923,1.0862,0.4375,53.005,2.9832,3.6896,53.3929,91.0863,9.371,544.1029,55.2218,99.3752,3892.7625,1255.4582,237.0378,50674.7449,11514.6958,0.004,133.653,43.5739,39.2555,1503.4657,63.8388,19.369,2129.3099,167.5116,36.4181,1170.7957,856.9436,714.0595,15688.8097,21642.2769,18422.9369,51275.2084,0.0414,0.0085,1046.253,16.4915,13.3715,260.8372,381.2681,21.4374,534.8244,3087.3817,59.5902,43175.0378,1049.8284,164.152,42649.5463,15053.0773,3120.4789,50950.2918,97331.1478,79435.2259,43179.9892,68632.0535,1059.1401,21248.2176,758.4937,181.0799,46615.4611,8267.9113,1002.9614,197412.8314,11728.8031,3138.1705,22962.1955,21417.2155,10919.9329,25847.3751,224722.426,158.7941,164228.84,7848.2959,484.6112,27827.0118,14348.1607,218.6819,79279.2376,6428.4812,1382.166,8263.9301,2722.5442,22404.7141,21542.5494,31231.3414,7119.6117,78556.9341,64782.2678,93805.7561,155048.8407,124741.4364,111536.8676,195893.9138,108758.2436,28827.1767,25714.5276,35808.9281,112010.3093,71575.6653,39782.6464,74623.2094,126867.5121,415696.8141,122621.0667,30551.3619,112551.8125,singe_point_crossover_normal
29,156634.7421,141632.5676,63820.1114,0.0283,0.1145,0.0607,0.0666,0.0889,0.0448,1.4779,0.1299,0.1126,2.14,18.6791,3.8669,126.0543,24.2763,5.2821,41566.874,126414.1639,67647.7176,0.2614,0.0178,0.0175,1.3792,0.0817,0.1503,7.8247,0.3137,1.0782,5.5244,4.6555,1.3164,8.1225,36.4771,8.1417,33450.3529,6266.2704,17104.0133,0.2985,0.3049,0.0464,3.6811,0.6836,0.2335,2.3885,2.9848,0.5541,29.0757,3.3305,1.8869,287.6475,17.6751,44.6948,75810.6829,21326.3934,0.0,0.253,0.059,0.0052,1.6487,0.1593,0.3124,3.3182,1.2792,0.3117,17.6188,37.6401,1.4842,35.5901,27.5283,2.3069,0.0013,902.8576,0.0001,0.1123,0.1062,0.1007,2.0856,0.4713,0.3898,4.6792,2.1357,0.2182,44.2746,4.2378,6.2591,206.1178,47.5428,45.9605,3026.5342,0.0001,3404.1971,0.5335,0.1193,0.0658,0.7564,0.3277,0.5106,3.492,2.1795,0.5509,9.4138,17.1866,6.1365,224.9956,25.0727,45.3127,0.0012,0.0014,0.0006,0.8116,0.4228,0.2335,2.5778,3.7697,5.2913,12.7968,10.8497,8.5617,62.1975,40.3087,17.9271,979.5596,496.1055,253.6592,0.0024,0.002,0.0009,1.2596,0.4562,0.8306,4.2242,2.1835,2.7537,8.6222,10.3351,6.116,75.8989,32.0859,16.3214,526.6628,689.9939,278.6562,0.0048,0.001,0.0013,2.1827,3.114,1.1735,8.5668,2.9854,1.3025,27.1059,22.2909,4.2876,191.6508,75.2642,79.8669,625.6905,539.8712,347.8961,0.0015,0.0041,0.0022,3.7105,0.7961,0.8682,4.1994,5.6608,3.1763,14.3421,16.6213,13.4029,273.1686,114.4798,59.1235,1517.8245,308.0404,651.7027,0.006,0.0044,0.0017,1.7507,4.5597,2.2235,21.183,12.7742,10.1569,66.8028,44.2102,50.921,556.303,257.0643,88.9444,3195.2324,1748.8454,1545.2667,0.0008,0.0071,singe_point_crossover_uniform
30,0.0,0.0,0.0,0.0,0.0,0.0,0.0,0.0,0.0,0.0,0.0,0.0,0.0001,0.0,0.0,0.0002,0.0001,0.0024,0.0,0.0,0.0,0.0,0.0,0.0,0.0,0.0,0.0,0.0,0.0,0.0,0.0,0.0001,0.0002,0.0014,0.0021,0.0004,0.0,0.0,0.0,0.0,0.0,0.0,0.0,0.0,0.0,0.0,0.0,0.0,0.0,0.0,0.0001,0.0002,0.0001,0.0,0.0,0.0,0.0,0.0,0.0,0.0,0.0,0.0,0.0,0.0,0.0,0.0,0.0001,0.0,0.0,0.0,0.0,0.0002,0.0,0.0,0.0,0.0,0.0,0.0,0.0,0.0,0.0,0.0,0.0,0.0,0.0,0.0001,0.0,0.0004,0.0,0.0,0.0,0.0,0.0,0.0,0.0,0.0,0.0,0.0,0.0,0.0,0.0,0.0,0.0,0.0,0.0,0.0005,0.0002,0.0,0.0,0.0,0.0,0.0,0.0,0.0,0.0,0.0,0.0,0.0,0.0,0.0,0.0,0.0,0.0,0.0,0.0,0.0,0.0,0.0,0.0,0.0,0.0,0.0,0.0,0.0,0.0,0.0,0.0,0.0,0.0,0.0001,0.0,0.0,0.0,0.0001,0.0,0.0,0.0,0.0,0.0,0.0,0.0,0.0,0.0,0.0,0.0,0.0,0.0001,0.0,0.0,0.0,0.0,0.0,0.0,0.0,0.0,0.0,0.0,0.0,0.0,0.0,0.0,0.0,0.0,0.0,0.0,0.0,0.0,0.0001,0.0,0.0001,0.0,0.0,0.0,0.0,0.0,0.0,0.0,0.0,0.0,0.0,0.0,0.0,0.0,0.0,0.0,0.0,0.0001,0.0001,0.0,0.0,Linear_combination_crossover_normal
31,0.0,0.0,0.0,0.0,0.0,0.0,0.0,0.0,0.0,0.0,0.0,0.0,0.0,0.0,0.0,0.0001,0.0,0.0,0.0,0.0,0.0,0.0,0.0,0.0,0.0,0.0,0.0,0.0,0.0,0.0,0.0,0.0,0.0,0.0,0.0,0.0001,0.0,0.0,0.0,0.0,0.0,0.0,0.0,0.0,0.0,0.0,0.0,0.0,0.0,0.0,0.0,0.0001,0.0,0.0,0.0,0.0,0.0,0.0,0.0,0.0,0.0,0.0,0.0,0.0,0.0,0.0,0.0,0.0,0.0,0.0,0.0,0.0,0.0,0.0,0.0,0.0,0.0,0.0,0.0,0.0,0.0,0.0,0.0,0.0,0.0,0.0,0.0,0.0,0.0,0.0,0.0,0.0,0.0,0.0,0.0,0.0,0.0,0.0,0.0,0.0,0.0,0.0,0.0,0.0,0.0,0.0,0.0,0.0,0.0,0.0,0.0,0.0,0.0,0.0,0.0,0.0,0.0,0.0,0.0,0.0,0.0,0.0,0.0,0.0,0.0,0.0,0.0,0.0,0.0,0.0,0.0,0.0,0.0,0.0,0.0,0.0,0.0,0.0,0.0,0.0,0.0,0.0,0.0,0.0,0.0,0.0,0.0,0.0,0.0,0.0,0.0,0.0,0.0,0.0,0.0,0.0,0.0,0.0,0.0,0.0,0.0,0.0,0.0,0.0,0.0,0.0,0.0,0.0,0.0,0.0,0.0,0.0,0.0,0.0,0.0,0.0,0.0,0.0,0.0,0.0,0.0,0.0,0.0,0.0,0.0,0.0,0.0,0.0,0.0,0.0,0.0,0.0,0.0,0.0,0.0,0.0,0.0,0.0,0.0,0.0,Linear_combination_crossover_uniform
32,0.0,0.0,0.0,0.0,0.0,0.0,0.0,0.0,0.0,0.0001,0.0001,0.0001,0.0005,0.0005,0.0013,0.0012,0.0008,0.0018,0.0,0.0,0.0,0.0,0.0,0.0,0.0,0.0,0.0,0.0001,0.0001,0.0002,0.0004,0.0005,0.0006,0.0049,0.001,0.0015,0.0,0.0,0.0,0.0,0.0,0.0,0.0,0.0,0.0,0.0,0.0,0.0,0.0001,0.0002,0.0002,0.0003,0.0008,0.0008,0.0,0.0,0.0,0.0,0.0,0.0,0.0,0.0,0.0,0.0,0.0,0.0001,0.0,0.0001,0.0,0.0004,0.0006,0.0004,0.0,0.0,0.0,0.0,0.0,0.0,0.0,0.0,0.0,0.0,0.0,0.0,0.0003,0.0001,0.0001,0.0003,0.0007,0.0004,0.0,0.0,0.0,0.0,0.0,0.0,0.0,0.0,0.0,0.0,0.0,0.0001,0.0001,0.0001,0.0001,0.0008,0.0004,0.0009,0.0,0.0,0.0,0.0,0.0,0.0,0.0,0.0,0.0,0.0,0.0,0.0,0.0,0.0,0.0,0.0002,0.0001,0.0001,0.0,0.0,0.0,0.0,0.0,0.0,0.0,0.0,0.0,0.0,0.0,0.0,0.0,0.0,0.0,0.0002,0.0001,0.0001,0.0,0.0,0.0,0.0,0.0,0.0,0.0,0.0,0.0,0.0,0.0,0.0,0.0,0.0,0.0,0.0001,0.0001,0.0,0.0,0.0,0.0,0.0,0.0,0.0,0.0,0.0,0.0,0.0,0.0,0.0,0.0,0.0,0.0,0.0,0.0001,0.0001,0.0,0.0,0.0,0.0,0.0,0.0,0.0,0.0,0.0,0.0,0.0,0.0,0.0,0.0001,0.0,0.0002,0.0002,0.0005,0.0,0.0,Probabilistic_crossover_normal
33,2225.6056,2492.6984,0.0,0.0,0.0,0.0,0.0,0.0,0.0,0.0,0.0,0.0,0.0,0.0001,0.0,0.0003,0.0002,0.0011,310.9684,7602.0244,0.0,0.0,0.0,0.0,0.0,0.0,0.0,0.0,0.0,0.0,0.0,0.0,0.0,0.0004,0.0003,0.0002,6710.1075,0.0,10.71,0.0,0.0,0.0,0.0,0.0,0.0,0.0,0.0,0.0,0.0,0.0,0.0,0.0,0.0003,0.0001,0.0,0.0,0.0,0.0,0.0,0.0,0.0,0.0,0.0,0.0,0.0,0.0,0.0,0.0,0.0001,0.0002,0.0001,0.0002,0.0,2574.3407,0.0,0.0,0.0,0.0,0.0,0.0,0.0,0.0,0.0,0.0,0.0,0.0,0.0,0.0002,0.0,0.0001,0.0,0.0,0.0,0.0,0.0,0.0,0.0,0.0,0.0,0.0,0.0,0.0,0.0,0.0,0.0,0.0001,0.0,0.0002,0.0,0.0,0.0,0.0,0.0,0.0,0.0,0.0,0.0,0.0,0.0,0.0,0.0,0.0,0.0,0.0,0.0,0.0,0.0,0.0,0.0,0.0,0.0,0.0,0.0,0.0,0.0,0.0,0.0,0.0,0.0,0.0,0.0,0.0,0.0,0.0,0.0,0.0,0.0,0.0,0.0,0.0,0.0,0.0,0.0,0.0,0.0,0.0,0.0,0.0,0.0,0.0,0.0,0.0,0.0,0.0,0.0,0.0,0.0,0.0,0.0,0.0,0.0,0.0,0.0,0.0,0.0,0.0,0.0,0.0,0.0,0.0,0.0,0.0,0.0,0.0,0.0,0.0,0.0,0.0,0.0,0.0,0.0,0.0,0.0,0.0,0.0,0.0,0.0,0.0,0.0,0.0,Probabilistic_crossover_uniform
34,0.0782,8533.9956,6666.448,1.5021,1.1872,0.2002,82.3006,13.2555,0.4945,16.2885,10.6449,2.9318,53.5717,46.5276,14.954,196.0401,90.2708,219.2108,0.0021,0.0005,0.0001,0.6226,0.0772,0.0345,3.4297,2.1024,0.1819,176.5253,20.8793,2.7963,80.0313,18.456,1.6743,1306.4813,30.3704,464.7289,0.0112,0.004,0.0008,3.565,1.2002,0.4385,21.3182,5.6733,2.6801,46.7581,59.0417,3.366,755.3357,47.2214,50.2229,711.2908,213.4096,58.8905,0.0091,23614.6121,0.0003,15.6336,1.327,0.4216,378.2578,1.5009,2.718,29.3252,44.5174,0.3619,391.5479,92.2434,44.8791,13246.6532,1271.7921,90.3977,0.0105,0.0038,0.0002,4.0516,0.4002,0.2827,24.7841,5.778,2.6988,84.0849,17.2224,15.407,1606.5021,196.5,8.2592,6626.3112,803.955,636.0783,5923.182,0.0003,0.0076,2.4057,2.3351,1.7897,29.3129,5.9311,0.6161,317.5563,4.3801,5.3259,491.9854,246.4745,22.9967,1712.1975,556.067,135.107,20555.7434,0.1089,0.0044,105.4142,17.6053,10.0169,6133.334,23.5703,187.6979,233.3526,259.7733,46.461,23018.8286,6441.1154,582.0327,184660.8418,2917.5639,1687.583,47071.7725,0.0237,0.005,4531.2624,25.4388,9.3096,899.8184,104.0595,40.0805,188.0482,290.8265,36.7549,1224.8056,1416.1482,1048.9351,11651.4515,3112.2803,3094.1366,170142.7458,23846.4658,114.4989,50973.1857,88498.1244,34.5831,101881.32,22679.6458,4953.668,41278.3977,148620.521,3392.0464,34575.4976,1564.4035,16792.8299,201305.2947,14507.3047,15257.1057,95500.6936,26415.8674,340.5506,20886.6539,62122.0965,126.0843,24689.0737,28097.9675,6931.7032,41631.6228,4468.1331,1387.867,122998.7301,126196.341,7712.1641,96512.1217,43933.8218,28030.1548,326693.1952,244938.6261,121385.9246,157545.032,120034.3407,42778.5769,208123.8679,51025.347,101051.1386,232302.1056,35969.2702,27948.6309,51010.7915,98041.2785,30785.9516,136633.6437,161431.5663,49844.9275,182559.0228,133457.495,singe_point_crossover_normal
35,38030.0826,139974.4174,14988.0524,0.0915,0.0979,0.0381,1.3499,0.5189,0.0724,6.5698,1.1456,1.1314,8.1168,0.7303,0.7086,33.0868,17.393,4.6938,10027.9683,44411.8919,29873.3938,0.0475,0.0125,0.0245,0.5711,0.9783,0.0915,0.7034,0.5602,0.1686,1.5012,5.5564,1.503,5.9055,9.4527,13.0375,27542.3208,64482.0016,168.097,0.1729,0.1025,0.0875,1.5892,0.3236,0.2682,1.8663,0.6208,0.9027,32.4694,12.7269,1.138,103.5897,78.8843,35.6109,11651.0102,40748.2689,4876.9643,0.4476,0.0388,0.0251,0.999,0.6883,0.0569,3.0357,0.9622,0.183,10.9903,6.3734,2.3109,195.3494,58.4498,11.2235,28653.3101,2208.8737,0.0001,0.3061,0.2589,0.0845,0.8957,0.383,0.6328,4.1379,0.7404,0.3123,9.6667,5.7028,2.0106,76.8015,167.6091,27.5246,41302.18,2720.0845,0.0,0.1322,0.0396,0.0166,0.7793,0.1696,0.0224,0.8993,0.3492,0.7064,24.7852,5.3194,4.4299,97.9973,77.075,7.4883,0.0015,0.0013,0.0011,0.4705,0.1494,0.6805,3.5781,1.7859,1.3651,8.0927,10.5459,3.8878,86.1225,35.1792,20.4354,182.5277,1026.4728,74.2551,0.0013,0.001,0.0013,0.5016,0.4383,0.2177,5.7723,5.9384,1.7652,10.7343,20.9625,3.5283,37.1408,28.0266,13.6804,428.76,690.1256,116.7276,0.004,0.0003,0.0008,2.2235,0.7064,0.9298,8.1712,6.1459,2.0873,86.1918,25.0518,11.0623,184.5367,124.2091,36.3755,2113.6704,556.9172,558.4697,0.0035,0.0057,0.0011,1.354,0.7636,1.1101,16.9272,6.4952,5.3867,37.907,23.6673,8.63,83.4002,71.7692,68.8794,1207.5058,238.948,993.7749,0.008,0.0097,0.0032,7.9222,1.9449,2.8784,18.2336,7.3865,11.3849,73.3108,14.3657,50.6627,278.8763,438.6614,134.6156,1250.5178,1584.3585,2061.5515,0.0064,0.0102,singe_point_crossover_uniform
36,0.0,0.0,0.0,0.0,0.0,0.0,0.0,0.0,0.0,0.0,0.0,0.0,0.0003,0.0001,0.0002,0.0008,0.0001,0.0009,0.0,0.0,0.0,0.0,0.0,0.0,0.0,0.0,0.0,0.0,0.0,0.0,0.0,0.0002,0.0,0.0,0.0001,0.0,0.0,0.0,0.0,0.0,0.0,0.0,0.0,0.0,0.0,0.0,0.0,0.0,0.0,0.0001,0.0,0.0,0.0002,0.0001,0.0,0.0,0.0,0.0,0.0,0.0,0.0,0.0,0.0,0.0,0.0,0.0,0.0002,0.0,0.0,0.0001,0.0007,0.0002,0.0,0.0,0.0,0.0,0.0,0.0,0.0,0.0,0.0,0.0,0.0,0.0,0.0,0.0,0.0,0.0002,0.0,0.0001,0.0,0.0,0.0,0.0,0.0,0.0,0.0,0.0,0.0,0.0,0.0,0.0,0.0,0.0,0.0001,0.0001,0.0,0.0,0.0,0.0,0.0,0.0,0.0,0.0,0.0,0.0,0.0,0.0,0.0,0.0,0.0,0.0,0.0,0.0001,0.0001,0.0003,0.0,0.0,0.0,0.0,0.0,0.0,0.0,0.0,0.0,0.0,0.0,0.0,0.0,0.0001,0.0,0.0,0.0001,0.0,0.0,0.0,0.0,0.0,0.0,0.0,0.0,0.0,0.0,0.0,0.0,0.0,0.0,0.0,0.0,0.0,0.0001,0.0,0.0,0.0,0.0,0.0,0.0,0.0,0.0,0.0,0.0,0.0,0.0,0.0,0.0,0.0,0.0,0.0001,0.0,0.0,0.0,0.0,0.0,0.0,0.0,0.0,0.0,0.0,0.0,0.0,0.0,0.0,0.0,0.0,0.0,0.0,0.0002,0.0,0.0,0.0,Linear_combination_crossover_normal
37,0.0,0.0,0.0,0.0,0.0,0.0,0.0,0.0,0.0,0.0,0.0,0.0,0.0,0.0,0.0,0.0,0.0001,0.0,0.0,0.0,0.0,0.0,0.0,0.0,0.0,0.0,0.0,0.0,0.0,0.0,0.0,0.0,0.0,0.0,0.0001,0.0001,0.0,0.0,0.0,0.0,0.0,0.0,0.0,0.0,0.0,0.0,0.0,0.0,0.0,0.0,0.0,0.0,0.0,0.0001,0.0,0.0,0.0,0.0,0.0,0.0,0.0,0.0,0.0,0.0,0.0,0.0,0.0,0.0,0.0,0.0,0.0,0.0,0.0,0.0,0.0,0.0,0.0,0.0,0.0,0.0,0.0,0.0,0.0,0.0,0.0,0.0,0.0,0.0,0.0,0.0,0.0,0.0,0.0,0.0,0.0,0.0,0.0,0.0,0.0,0.0,0.0,0.0,0.0,0.0,0.0,0.0,0.0,0.0,0.0,0.0,0.0,0.0,0.0,0.0,0.0,0.0,0.0,0.0,0.0,0.0,0.0,0.0,0.0,0.0,0.0,0.0,0.0,0.0,0.0,0.0,0.0,0.0,0.0,0.0,0.0,0.0,0.0,0.0,0.0,0.0,0.0,0.0,0.0,0.0,0.0,0.0,0.0,0.0,0.0,0.0,0.0,0.0,0.0,0.0,0.0,0.0,0.0,0.0,0.0,0.0,0.0,0.0,0.0,0.0,0.0,0.0,0.0,0.0,0.0,0.0,0.0,0.0,0.0,0.0,0.0,0.0,0.0,0.0,0.0,0.0,0.0,0.0,0.0,0.0,0.0,0.0,0.0,0.0,0.0,0.0,0.0,0.0,0.0,0.0,0.0,0.0,0.0,0.0,0.0,0.0,Linear_combination_crossover_uniform
38,0.0,0.0,0.0,0.0,0.0,0.0,0.0,0.0,0.0,0.0,0.0001,0.0001,0.0003,0.0001,0.0006,0.0014,0.0014,0.0031,0.0,0.0,0.0,0.0,0.0,0.0,0.0,0.0,0.0,0.0,0.0001,0.0,0.0005,0.0009,0.0,0.0014,0.0019,0.0035,0.0,0.0,0.0,0.0,0.0,0.0,0.0,0.0,0.0,0.0,0.0,0.0,0.0,0.0003,0.0001,0.0009,0.0003,0.002,0.0,0.0,0.0,0.0,0.0,0.0,0.0,0.0,0.0,0.0,0.0,0.0,0.0001,0.0002,0.0003,0.0013,0.0006,0.0014,0.0,0.0,0.0,0.0,0.0,0.0,0.0,0.0,0.0,0.0,0.0,0.0,0.0,0.0001,0.0001,0.0012,0.001,0.0006,0.0,0.0,0.0,0.0,0.0,0.0,0.0,0.0,0.0,0.0,0.0,0.0,0.0,0.0,0.0001,0.0005,0.0006,0.0007,0.0,0.0,0.0,0.0,0.0,0.0,0.0,0.0,0.0,0.0,0.0,0.0,0.0,0.0,0.0,0.0,0.0001,0.0002,0.0,0.0,0.0,0.0,0.0,0.0,0.0,0.0,0.0,0.0,0.0,0.0,0.0,0.0001,0.0,0.0,0.0005,0.0,0.0,0.0,0.0,0.0,0.0,0.0,0.0,0.0,0.0,0.0,0.0,0.0,0.0,0.0,0.0,0.0001,0.0001,0.0,0.0,0.0,0.0,0.0,0.0,0.0,0.0,0.0,0.0,0.0,0.0,0.0,0.0,0.0,0.0,0.0001,0.0001,0.0001,0.0,0.0,0.0,0.0,0.0,0.0,0.0,0.0,0.0,0.0,0.0,0.0,0.0,0.0,0.0,0.0002,0.0004,0.0001,0.0,0.0,Probabilistic_crossover_normal
39,5317.6651,4496.9394,264.436,0.0,0.0,0.0,0.0,0.0,0.0,0.0,0.0,0.0,0.0,0.0001,0.0,0.0009,0.0002,0.0002,221.8703,0.0,0.0,0.0,0.0,0.0,0.0,0.0,0.0,0.0,0.0,0.0,0.0001,0.0,0.0,0.0005,0.0005,0.0001,0.0,6411.014,0.0,0.0,0.0,0.0,0.0,0.0,0.0,0.0,0.0,0.0,0.0,0.0,0.0,0.0001,0.0001,0.0002,0.0,0.0,0.0,0.0,0.0,0.0,0.0,0.0,0.0,0.0,0.0,0.0,0.0,0.0,0.0,0.0,0.0001,0.0002,0.0,0.0,0.0,0.0,0.0,0.0,0.0,0.0,0.0,0.0,0.0,0.0,0.0,0.0,0.0,0.0001,0.0001,0.0001,0.0,0.0,1.6551,0.0,0.0,0.0,0.0,0.0,0.0,0.0,0.0,0.0,0.0,0.0,0.0,0.0001,0.0001,0.0001,0.0,0.0,0.0,0.0,0.0,0.0,0.0,0.0,0.0,0.0,0.0,0.0,0.0,0.0,0.0,0.0,0.0,0.0,0.0,0.0,0.0,0.0,0.0,0.0,0.0,0.0,0.0,0.0,0.0,0.0,0.0,0.0,0.0,0.0,0.0001,0.0,0.0,0.0,0.0,0.0,0.0,0.0,0.0,0.0,0.0,0.0,0.0,0.0,0.0,0.0,0.0,0.0,0.0,0.0,0.0,0.0,0.0,0.0,0.0,0.0,0.0,0.0,0.0,0.0,0.0,0.0,0.0,0.0,0.0,0.0,0.0,0.0,0.0,0.0,0.0,0.0,0.0,0.0,0.0,0.0,0.0,0.0,0.0,0.0,0.0,0.0,0.0,0.0001,0.0,0.0,0.0,0.0,Probabilistic_crossover_uniform
40,0.0017,812.9056,0.0001,0.2542,0.3068,0.2959,8.5831,2.8887,0.6634,72.2562,2.906,2.8859,26.8854,19.0793,124.3835,313.7699,148.2895,92.0247,0.0035,0.0005,22442.6607,0.3715,0.0767,0.0235,4.9947,1.9891,0.6168,38.7506,4.0977,3.1231,97.6657,29.814,9.5887,361.6483,164.09,59.47,263.7667,0.0017,0.0064,2.0911,1.7778,0.3873,89.7702,9.3647,12.8337,329.8895,20.1732,7.6597,5612.0659,113.3471,79.9576,5365.383,2618.459,60.2628,0.0018,0.0047,0.0003,1.7748,0.2072,0.4088,11.2263,7.9986,5.7633,165.3351,8.1879,3.2434,161.9899,17.0378,10.9194,1736.6623,409.3025,92.8032,270.8329,0.0072,0.0007,5.7438,55.5729,0.6128,6429.8196,6.4361,4.2012,205.7131,10.0664,4.3384,494.1876,205.1898,28.7388,6467.5645,2531.5298,49.8939,0.0184,0.003,0.0001,2.5677,0.7657,0.7906,20.0086,18.257,2.1179,34.9468,9.6542,1.5639,202.3353,119.0867,24.0023,4838.103,473.7671,488.1976,23090.2816,0.025,0.013,43.9935,63.502,5.1807,6422.0989,105.4263,92.9095,2312.4712,143.8977,20.3797,2717.3019,7111.947,562.7976,43919.5709,5266.9966,3502.0181,28118.4778,0.0329,0.005,136.7313,9.881,4.9835,1506.78,113.2206,48.3311,6273.5999,475.8678,95.3226,21272.1133,845.2317,1033.5111,46770.3991,17516.4319,1948.5467,17753.549,243242.0844,166.0026,16914.3995,95020.4612,67.9115,43060.0705,53872.2843,184.176,115259.637,13480.8725,436.4391,68088.5929,7527.0019,6149.4026,59275.5833,76830.0863,20559.8535,107494.7616,17093.0771,25547.3008,110560.2258,17211.823,54.8799,5196.9416,59874.0,107.7085,10431.7801,16328.9715,733.5611,6119.5898,6110.489,13612.8081,193563.6379,54201.8268,13687.2963,33829.9432,230604.3515,13176.1623,135626.8005,48853.7664,42093.2129,172401.5576,299197.98,17259.0319,165364.6103,188712.8547,179907.9633,135716.3605,301753.1169,60537.6672,254159.867,213416.6081,87935.2912,119107.0238,148943.1316,singe_point_crossover_normal
41,1764.4356,109564.97,81797.3233,0.1403,0.0335,0.0043,0.2923,0.9062,0.0877,3.2654,0.397,0.7453,3.1189,7.5329,1.6925,96.7991,40.6864,9.7156,59329.2039,73931.4584,30916.0024,0.1678,0.097,0.009,0.785,0.5836,0.1065,0.8059,0.1795,0.1024,6.1752,0.9819,0.414,92.1712,8.5351,7.5899,38547.5737,22983.7924,0.0003,0.572,0.0169,0.0518,0.8659,0.6627,0.6834,3.69,0.7334,0.7431,8.4994,13.8682,2.3742,156.7146,61.8563,9.0708,79620.5786,1876.347,6266.6035,0.622,0.0444,0.0363,0.2798,0.6393,0.4391,5.8717,1.4405,0.3837,8.3997,14.4469,10.8218,215.3045,16.9364,11.8647,3021.4284,14883.0724,7097.2729,0.3453,0.0106,0.0286,0.2545,0.2609,0.0799,3.3522,0.6556,0.9673,19.9572,6.9244,4.8209,93.1035,35.0203,9.3957,421.95,17877.7683,0.0001,0.7189,0.3706,0.0165,0.5093,0.3085,0.1272,2.5304,1.0649,0.1804,20.0221,12.9045,2.2727,129.3549,112.9497,7.4874,0.0012,0.0008,0.0005,1.938,0.2932,0.7247,6.2884,5.2419,1.2323,14.8565,12.3744,5.509,220.1998,90.7963,24.4883,403.405,495.7207,94.5091,0.0019,0.002,0.0004,1.0864,0.8709,0.3026,4.9106,2.7367,1.4244,12.7875,11.1801,12.6833,51.2498,57.4694,19.7984,599.5395,624.8551,158.5395,0.004,0.0019,0.0012,3.5859,2.5795,1.3197,16.4907,11.1507,9.9719,25.2312,9.9968,22.1123,62.8184,107.0533,82.9479,1209.8003,673.0711,303.9332,0.016,0.0014,0.0029,1.2273,2.5188,0.2499,8.3579,7.2267,9.6348,54.2721,32.3519,23.2294,118.5887,70.736,79.6787,797.1553,721.3345,452.7072,0.0093,0.0043,0.0043,4.6455,4.8888,2.3913,22.9919,13.0434,18.1025,114.8556,37.6478,40.7973,355.5159,385.9243,235.88,3169.7847,2824.1018,497.6146,0.0051,0.006,singe_point_crossover_uniform
42,0.0,0.0,0.0,0.0,0.0,0.0,0.0,0.0,0.0,0.0,0.0,0.0,0.0,0.0,0.0,0.0013,0.0,0.0006,0.0,0.0,0.0,0.0,0.0,0.0,0.0,0.0,0.0,0.0,0.0,0.0,0.0,0.0001,0.0,0.0003,0.0,0.0,0.0,0.0,0.0,0.0,0.0,0.0,0.0,0.0,0.0,0.0,0.0,0.0,0.0,0.0,0.0,0.0,0.0001,0.0002,0.0,0.0,0.0,0.0,0.0,0.0,0.0,0.0,0.0,0.0,0.0,0.0,0.0,0.0,0.0,0.0,0.0,0.0,0.0,0.0,0.0,0.0,0.0,0.0,0.0,0.0,0.0,0.0,0.0,0.0,0.0,0.0,0.0,0.0001,0.0001,0.0001,0.0,0.0,0.0,0.0,0.0,0.0,0.0,0.0,0.0,0.0,0.0,0.0,0.0,0.0,0.0,0.0007,0.0,0.0,0.0,0.0,0.0,0.0,0.0,0.0,0.0,0.0,0.0,0.0,0.0,0.0,0.0,0.0,0.0,0.0,0.0,0.0,0.0,0.0,0.0,0.0,0.0,0.0,0.0,0.0,0.0,0.0,0.0,0.0,0.0,0.0,0.0,0.0001,0.0,0.0,0.0,0.0,0.0,0.0,0.0,0.0,0.0,0.0,0.0,0.0,0.0,0.0,0.0,0.0,0.0,0.0,0.0001,0.0,0.0,0.0,0.0,0.0,0.0,0.0,0.0,0.0,0.0,0.0,0.0,0.0,0.0,0.0,0.0,0.0,0.0001,0.0,0.0,0.0,0.0,0.0,0.0,0.0,0.0,0.0,0.0,0.0,0.0,0.0,0.0,0.0,0.0,0.0001,0.0,0.0,0.0,0.0,Linear_combination_crossover_normal
43,0.0,0.0,0.0,0.0,0.0,0.0,0.0,0.0,0.0,0.0,0.0,0.0,0.0,0.0,0.0,0.0,0.0,0.0004,0.0,0.0,0.0,0.0,0.0,0.0,0.0,0.0,0.0,0.0,0.0,0.0,0.0,0.0,0.0,0.0,0.0,0.0,0.0,0.0,0.0,0.0,0.0,0.0,0.0,0.0,0.0,0.0,0.0,0.0,0.0,0.0,0.0,0.0,0.0,0.0,0.0,0.0,0.0,0.0,0.0,0.0,0.0,0.0,0.0,0.0,0.0,0.0,0.0,0.0,0.0,0.0,0.0,0.0,0.0,0.0,0.0,0.0,0.0,0.0,0.0,0.0,0.0,0.0,0.0,0.0,0.0,0.0,0.0,0.0,0.0,0.0,0.0,0.0,0.0,0.0,0.0,0.0,0.0,0.0,0.0,0.0,0.0,0.0,0.0,0.0,0.0,0.0,0.0002,0.0,0.0,0.0,0.0,0.0,0.0,0.0,0.0,0.0,0.0,0.0,0.0,0.0,0.0,0.0,0.0,0.0,0.0,0.0,0.0,0.0,0.0,0.0,0.0,0.0,0.0,0.0,0.0,0.0,0.0,0.0,0.0,0.0,0.0,0.0,0.0,0.0,0.0,0.0,0.0,0.0,0.0,0.0,0.0,0.0,0.0,0.0,0.0,0.0,0.0,0.0,0.0,0.0,0.0,0.0,0.0,0.0,0.0,0.0,0.0,0.0,0.0,0.0,0.0,0.0,0.0,0.0,0.0,0.0,0.0,0.0,0.0,0.0,0.0,0.0,0.0,0.0,0.0,0.0,0.0,0.0,0.0,0.0,0.0,0.0,0.0,0.0,0.0,0.0,0.0,0.0,0.0,0.0,Linear_combination_crossover_uniform
44,0.0,0.0,0.0,0.0,0.0,0.0,0.0,0.0001,0.0001,0.0001,0.0,0.0001,0.0001,0.0001,0.0001,0.0035,0.0013,0.0019,0.0,0.0,0.0,0.0,0.0,0.0,0.0,0.0001,0.0,0.0,0.0001,0.0001,0.0003,0.0004,0.0005,0.0014,0.0011,0.0021,0.0777,0.0,0.0,0.0,0.0,0.0,0.0,0.0,0.0,0.0,0.0,0.0,0.0001,0.0001,0.0002,0.0007,0.0028,0.0023,0.0,0.0,0.0,0.0,0.0,0.0,0.0,0.0,0.0,0.0,0.0,0.0,0.0001,0.0,0.0001,0.0002,0.002,0.003,0.0,0.0,0.0,0.0,0.0,0.0,0.0,0.0,0.0,0.0,0.0,0.0,0.0,0.0002,0.0002,0.0007,0.0009,0.0002,0.0,0.0,0.0,0.0,0.0,0.0,0.0,0.0,0.0,0.0,0.0,0.0,0.0003,0.0001,0.0,0.0002,0.0004,0.0003,0.0,0.0,0.0,0.0,0.0,0.0,0.0,0.0,0.0,0.0,0.0,0.0,0.0,0.0001,0.0,0.0001,0.0001,0.0,0.0,0.0,0.0,0.0,0.0,0.0,0.0,0.0,0.0,0.0,0.0,0.0,0.0,0.0,0.0,0.0001,0.0007,0.0001,0.0,0.0,0.0,0.0,0.0,0.0,0.0,0.0,0.0,0.0,0.0,0.0,0.0001,0.0,0.0,0.0001,0.0006,0.0,0.0,0.0,0.0,0.0,0.0,0.0,0.0,0.0,0.0,0.0,0.0,0.0,0.0,0.0,0.0,0.0001,0.0,0.0005,0.0,0.0,0.0,0.0,0.0,0.0,0.0,0.0,0.0,0.0,0.0,0.0,0.0,0.0,0.0001,0.0001,0.0003,0.0001,0.0,0.0,Probabilistic_crossover_normal
45,2787.078,13927.7184,1217.2743,0.0,0.0,0.0,0.0,0.0,0.0,0.0,0.0,0.0,0.0001,0.0,0.0,0.0002,0.0004,0.0004,0.0,1863.1787,0.0,0.0,0.0,0.0,0.0,0.0,0.0,0.0,0.0,0.0,0.0,0.0,0.0,0.0,0.0002,0.0001,0.0,0.0,0.0,0.0,0.0,0.0,0.0,0.0,0.0,0.0,0.0,0.0,0.0,0.0,0.0,0.0001,0.0001,0.0,0.0,0.0,0.0,0.0,0.0,0.0,0.0,0.0,0.0,0.0,0.0,0.0,0.0,0.0,0.0,0.0001,0.0002,0.0001,0.0,0.0,0.0,0.0,0.0,0.0,0.0,0.0,0.0,0.0,0.0,0.0,0.0,0.0,0.0,0.0001,0.0002,0.0004,0.0,0.0,0.0,0.0,0.0,0.0,0.0,0.0,0.0,0.0,0.0,0.0,0.0,0.0,0.0,0.0002,0.0,0.0001,0.0,0.0,0.0,0.0,0.0,0.0,0.0,0.0,0.0,0.0,0.0,0.0,0.0,0.0,0.0,0.0,0.0,0.0,0.0,0.0,0.0,0.0,0.0,0.0,0.0,0.0,0.0,0.0,0.0,0.0,0.0,0.0,0.0,0.0,0.0,0.0,0.0,0.0,0.0,0.0,0.0,0.0,0.0,0.0,0.0,0.0,0.0,0.0,0.0,0.0,0.0,0.0,0.0,0.0,0.0,0.0,0.0,0.0,0.0,0.0,0.0,0.0,0.0,0.0,0.0,0.0,0.0,0.0,0.0,0.0,0.0,0.0,0.0,0.0,0.0,0.0,0.0,0.0,0.0,0.0,0.0,0.0,0.0,0.0,0.0,0.0,0.0,0.0001,0.0001,0.0,0.0,0.0,Probabilistic_crossover_uniform
46,14758.1963,659.0614,3168.6888,59.6636,0.1956,0.2499,0.387,9.4118,0.5815,7.4992,17.2201,7.4306,1595.8695,13.6499,6.5811,171.7823,57.3983,86.7528,100447.3848,22691.1502,0.0001,0.1882,1.2669,0.1071,4.5271,1.1237,0.3296,38.5142,6.052,0.5211,135.9107,8.7193,7.0743,2696.17,148.8496,4.0621,0.0137,0.0018,0.0004,13.237,0.9386,0.2279,20.9786,2.7419,2.617,11.8474,2.8246,8.1185,133.5401,46.8009,59.4562,853.9394,215.3591,341.9692,0.0043,0.0096,0.0001,4.8949,4.2314,0.1537,7.1763,25.6682,3.1597,52.8228,28.7153,12.5709,184.5681,157.3119,26.6263,1207.1267,455.5966,143.0499,0.0037,0.0007,0.0031,3.0199,2.013,0.174,57.772,16.5292,1.5309,45.9672,12.9524,19.9155,640.4962,51.8476,8.3996,2381.5992,722.6571,605.0644,0.0017,0.0009,0.0001,2.5772,1.5393,0.5094,11.9924,7.0141,2.3954,111.1645,3.6524,5.4795,121.2012,86.9907,54.2581,1560.4835,1766.7296,759.4744,48648.2845,0.0875,0.0071,15665.1863,14.62,13.5939,1241.5258,77.8601,6.3994,369.5295,237.1915,150.466,29643.3412,6736.8251,297.7534,16874.843,7810.839,2921.5265,57969.5643,0.0574,0.0269,31.152,120.9123,4.4675,4835.7226,33.8552,43.4971,638.7791,694.7677,82.3796,1753.8231,8621.8881,721.1504,72188.9834,7569.1286,3051.5436,29495.8325,80306.8593,3138.7842,26268.3671,1914.1601,442.8518,47489.0104,1789.0267,199.9236,157178.3921,26205.9257,6595.6005,35844.1025,112099.1314,1669.9215,86654.6082,218209.8654,6379.2638,149551.3639,8174.2499,44300.5969,56160.8772,4751.1737,52.3553,119081.6895,2119.3582,178.7356,2324.9998,8606.1306,558.5644,40728.2548,27692.7362,5808.9005,116238.8153,41728.1891,14027.3178,46522.1969,121836.4368,135678.1868,222276.0666,111286.9186,18899.3348,245115.2892,25618.957,116016.392,91025.5178,144992.5063,17165.7094,81934.311,73486.3564,59494.7094,200685.4258,160224.5769,148816.6222,123707.8556,104925.9994,singe_point_crossover_normal
47,161716.2055,89395.7082,80373.516,0.0183,0.1109,0.0416,1.018,0.2349,0.1964,3.464,0.2323,0.2094,18.8762,1.7449,1.3284,109.8534,37.8117,2.1015,34715.5275,96891.2999,82201.0017,0.0346,0.0051,0.0043,0.8664,0.5392,0.067,2.314,0.7421,0.7394,2.8834,0.8658,1.4765,121.129,8.0589,4.634,28277.0615,74596.7674,7247.5928,0.5155,0.1277,0.0101,0.5789,0.2037,0.0694,2.0912,0.5964,0.8443,13.1221,27.0793,1.4873,119.6088,48.814,108.6065,27076.822,23395.5473,5562.3535,0.0817,0.1708,0.0326,0.386,0.4539,0.0641,4.4228,0.6053,0.4202,10.7862,6.2716,2.4991,96.5185,14.3951,23.3328,11071.5801,7874.7797,22973.9525,0.281,0.3313,0.0172,1.6554,0.2885,0.3125,3.8711,2.8753,0.3627,67.5474,7.8264,5.2891,95.862,17.2225,12.3677,308.8399,0.0003,12717.3153,0.3049,0.1212,0.0182,1.9462,2.3788,0.2307,9.7126,1.7165,0.6248,6.4011,8.5643,0.5909,33.3886,63.0893,66.7773,0.0021,0.0005,0.0007,2.281,0.6223,0.485,4.3473,3.2662,0.9186,15.1914,2.8299,4.6482,131.9497,34.453,30.7865,436.2605,208.0483,172.8347,38.5048,0.0007,0.0002,0.553,0.8841,0.6046,4.3237,2.5695,2.0837,12.4028,13.6552,6.8583,74.6784,37.6954,14.329,287.2593,531.9393,110.3881,0.0076,0.0059,0.0009,1.2932,0.8356,2.1978,2.6519,4.4551,5.0654,50.5368,12.5037,14.5532,121.0537,36.1532,96.7482,952.6538,837.6004,394.9526,0.0047,0.0019,0.0016,2.343,2.0505,1.1439,12.1994,1.8625,5.0928,16.684,23.045,24.8218,238.1216,38.8983,39.2476,876.5304,485.4592,540.2271,0.0094,0.0068,0.0037,4.9657,2.1391,2.0274,23.6747,16.2319,9.9881,71.3169,18.4379,42.8325,258.0932,131.5143,153.01,1784.3315,1663.9971,1205.5945,0.0152,0.0073,singe_point_crossover_uniform
48,0.0,0.0,0.0,0.0,0.0,0.0,0.0,0.0,0.0,0.0,0.0,0.0001,0.0,0.0,0.0002,0.0005,0.0,0.0001,0.0,0.0,0.0,0.0,0.0,0.0,0.0,0.0,0.0,0.0,0.0,0.0001,0.0001,0.0,0.0001,0.0,0.0005,0.0001,0.0,0.0,0.0,0.0,0.0,0.0,0.0,0.0,0.0,0.0,0.0,0.0,0.0,0.0001,0.0001,0.0006,0.0005,0.0002,0.0,0.0,0.0,0.0,0.0,0.0,0.0,0.0,0.0,0.0,0.0,0.0,0.0,0.0,0.0,0.0,0.0002,0.0002,0.0,0.0,0.0,0.0,0.0,0.0,0.0,0.0,0.0,0.0,0.0,0.0,0.0,0.0,0.0,0.0001,0.0001,0.0003,0.0,0.0,0.0,0.0,0.0,0.0,0.0,0.0,0.0,0.0,0.0,0.0,0.0,0.0,0.0,0.0,0.0002,0.0003,0.0,0.0,0.0,0.0,0.0,0.0,0.0,0.0,0.0,0.0,0.0,0.0,0.0,0.0,0.0,0.0,0.0,0.0,0.0,0.0,0.0,0.0,0.0,0.0,0.0,0.0,0.0,0.0,0.0,0.0,0.0,0.0,0.0,0.0,0.0001,0.0,0.0,0.0,0.0,0.0,0.0,0.0,0.0,0.0,0.0,0.0,0.0,0.0,0.0,0.0,0.0,0.0,0.0,0.0,0.0,0.0,0.0,0.0,0.0,0.0,0.0,0.0,0.0,0.0,0.0,0.0,0.0,0.0,0.0,0.0,0.0,0.0001,0.0,0.0,0.0,0.0,0.0,0.0,0.0,0.0,0.0,0.0,0.0,0.0,0.0,0.0,0.0,0.0002,0.0001,0.0,0.0,0.0,Linear_combination_crossover_normal
49,0.0,0.0,0.0,0.0,0.0,0.0,0.0,0.0,0.0,0.0,0.0,0.0,0.0,0.0,0.0,0.0,0.0,0.0,0.0,0.0,0.0,0.0,0.0,0.0,0.0,0.0,0.0,0.0,0.0,0.0,0.0,0.0,0.0,0.0,0.0001,0.0,0.0,0.0,0.0,0.0,0.0,0.0,0.0,0.0,0.0,0.0,0.0,0.0,0.0,0.0,0.0,0.0,0.0,0.0,0.0,0.0,0.0,0.0,0.0,0.0,0.0,0.0,0.0,0.0,0.0,0.0,0.0,0.0,0.0,0.0,0.0,0.0,0.0,0.0,0.0,0.0,0.0,0.0,0.0,0.0,0.0,0.0,0.0,0.0,0.0,0.0,0.0,0.0,0.0,0.0,0.0,0.0,0.0,0.0,0.0,0.0,0.0,0.0,0.0,0.0,0.0,0.0,0.0,0.0,0.0,0.0,0.0,0.0,0.0,0.0,0.0,0.0,0.0,0.0,0.0,0.0,0.0,0.0,0.0,0.0,0.0,0.0,0.0,0.0,0.0,0.0,0.0,0.0,0.0,0.0,0.0,0.0,0.0,0.0,0.0,0.0,0.0,0.0,0.0,0.0,0.0,0.0,0.0,0.0,0.0,0.0,0.0,0.0,0.0,0.0,0.0,0.0,0.0,0.0,0.0,0.0,0.0,0.0,0.0,0.0,0.0,0.0,0.0,0.0,0.0,0.0,0.0,0.0,0.0,0.0,0.0,0.0,0.0,0.0,0.0,0.0,0.0,0.0,0.0,0.0,0.0,0.0,0.0,0.0,0.0,0.0,0.0,0.0,0.0,0.0,0.0,0.0,0.0,0.0,0.0,0.0,0.0,0.0,0.0,0.0,Linear_combination_crossover_uniform
50,0.0,0.0,0.0,0.0,0.0,0.0,0.0,0.0,0.0,0.0001,0.0,0.0,0.0003,0.0003,0.0002,0.0085,0.0048,0.0036,0.0,0.0,0.0,0.0,0.0,0.0,0.0,0.0,0.0,0.0001,0.0002,0.0,0.001,0.001,0.0001,0.0041,0.0011,0.0027,0.0,0.0,0.0,0.0,0.0,0.0,0.0,0.0,0.0,0.0,0.0,0.0001,0.0001,0.0001,0.0001,0.0005,0.0003,0.0003,0.0,0.0,0.0,0.0,0.0,0.0,0.0,0.0,0.0,0.0001,0.0,0.0,0.0001,0.0001,0.0001,0.0004,0.0002,0.0011,0.0,0.0,0.0,0.0,0.0,0.0,0.0,0.0,0.0,0.0,0.0,0.0,0.0002,0.0,0.0001,0.0002,0.0017,0.0014,0.0,0.0,0.0,0.0,0.0,0.0,0.0,0.0,0.0,0.0,0.0,0.0,0.0,0.0001,0.0,0.0006,0.0006,0.0006,0.0,0.0,0.0,0.0,0.0,0.0,0.0,0.0,0.0,0.0,0.0,0.0,0.0,0.0,0.0,0.0004,0.0001,0.0001,0.0,0.0,0.0,0.0,0.0,0.0,0.0,0.0,0.0,0.0,0.0,0.0,0.0001,0.0,0.0001,0.0001,0.0001,0.0001,0.0,0.0,0.0,0.0,0.0,0.0,0.0,0.0,0.0,0.0,0.0,0.0,0.0,0.0,0.0,0.0002,0.0,0.0002,0.0,0.0,0.0,0.0,0.0,0.0,0.0,0.0,0.0,0.0,0.0,0.0,0.0,0.0,0.0,0.0001,0.0001,0.0001,0.0,0.0,0.0,0.0,0.0,0.0,0.0,0.0,0.0,0.0,0.0,0.0,0.0,0.0,0.0,0.0005,0.0001,0.0002,0.0,0.0,Probabilistic_crossover_normal
51,27.5239,69767.7017,52627.2417,0.0,0.0,0.0,0.0,0.0,0.0,0.0,0.0,0.0,0.0,0.0,0.0001,0.0005,0.0002,0.0002,2022.4637,172.8174,0.0,0.0,0.0,0.0,0.0,0.0,0.0,0.0,0.0,0.0,0.0,0.0,0.0001,0.0005,0.0012,0.0002,2597.1799,0.0,1800.7304,0.0,0.0,0.0,0.0,0.0,0.0,0.0,0.0,0.0,0.0,0.0,0.0,0.0,0.0003,0.0,0.0,0.0,0.0,0.0,0.0,0.0,0.0,0.0,0.0,0.0,0.0,0.0,0.0,0.0,0.0,0.0001,0.0002,0.0001,0.0,0.0,0.0,0.0,0.0,0.0,0.0,0.0,0.0,0.0,0.0,0.0,0.0001,0.0,0.0,0.0,0.0001,0.0002,0.0,0.0,0.0,0.0,0.0,0.0,0.0,0.0,0.0,0.0,0.0,0.0,0.0,0.0,0.0,0.0,0.0002,0.0002,0.0,0.0,0.0,0.0,0.0,0.0,0.0,0.0,0.0,0.0,0.0,0.0,0.0,0.0,0.0,0.0,0.0001,0.0,0.0,0.0,0.0,0.0,0.0,0.0,0.0,0.0,0.0,0.0,0.0,0.0,0.0,0.0,0.0,0.0,0.0,0.0,0.0,0.0,0.0,0.0,0.0,0.0,0.0,0.0,0.0,0.0,0.0,0.0,0.0,0.0,0.0,0.0,0.0,0.0,0.0,0.0,0.0,0.0,0.0,0.0,0.0,0.0,0.0,0.0,0.0,0.0,0.0,0.0,0.0,0.0,0.0,0.0,0.0,0.0,0.0,0.0,0.0,0.0,0.0,0.0,0.0,0.0,0.0,0.0,0.0,0.0,0.0,0.0001,0.0,0.0001,0.0,0.0,Probabilistic_crossover_uniform
52,31076.1854,0.0004,0.0002,0.6527,0.0965,0.0855,5.7618,28.9034,3.5029,11.9772,23.9333,6.0741,154.6057,30.4205,11.007,1163.2628,36.6579,127.8985,0.0541,0.0015,0.0001,1.6542,0.1539,2.101,2.3287,2.3499,0.9201,56.7952,2.0647,0.5709,39.421,37.6378,40.6776,606.2122,470.6439,221.7487,0.0045,0.0004,0.0024,3.0195,1.1745,0.2995,21.8266,5.4663,106.3589,74.3529,7.572,2.1545,211.0222,16.9904,49.959,3895.228,288.6113,160.391,0.0211,11174.6612,0.004,1.0375,3.1885,0.1832,14.6181,2.76,1.1273,52.5978,18.7084,2.4671,161.514,201.0507,78.8875,580.6817,1605.2557,90.4651,0.4085,0.0236,0.0015,1.0728,14.9416,0.4476,1927.5054,6.8154,2.6355,48.246,105.0595,3.9586,361.0641,114.8551,16.8101,732.1901,898.6009,37.4524,0.0025,0.0049,0.0003,9.9869,9.1209,1.242,23.0835,1.5852,2.1101,30.1053,16.6459,16.0724,218.1776,82.7971,30.0414,1594.9013,415.2416,58.9648,54750.9929,0.1084,0.0103,330.1861,29.4227,2.6775,1549.6375,2228.8219,10.0483,7199.3463,2473.5132,49.7138,13583.1703,1417.0793,639.8173,5375.6676,3062.817,3467.1381,69380.6899,0.2288,0.009,29368.4133,23.7625,10.2478,11671.0203,278.7461,33.0586,26349.7535,805.0111,191.7597,1828.6502,6356.7878,349.0527,64825.6937,5216.9524,2812.7131,17315.1806,28722.6664,46.043,174481.5824,29943.8831,150.0242,35704.8109,4831.3728,1059.7007,58139.2747,4509.4665,874.1321,271130.2165,1342.6665,1469.0421,180969.7928,19963.0975,21772.9749,78158.8999,18786.7238,3842.0926,62554.8226,44682.2465,2694.1484,28664.7526,3022.2239,23537.3983,18251.2296,2681.0654,1257.8435,21320.1769,34260.4124,30396.0254,117080.3256,19988.2097,17628.3769,188270.2916,91998.7309,99591.5237,99831.3848,82422.7658,37039.1589,362197.3652,85653.5528,4762.8901,84902.2952,125259.617,11504.4937,37309.9946,84870.3864,26330.1861,201071.3605,60606.0146,19228.1084,73200.4319,134875.3068,singe_point_crossover_normal
53,22470.1624,75263.784,51494.9194,0.0163,0.1542,0.0447,1.0365,0.052,0.1603,3.9623,0.6421,0.2518,4.3166,2.1904,0.3507,121.4198,14.3519,13.1632,54426.2835,25124.3924,75263.2771,0.1296,0.0888,0.0163,0.3696,0.0885,0.0576,0.9374,1.2914,0.5933,3.9385,1.2337,0.2075,15.8969,54.3298,10.2959,37960.9962,122229.7807,86232.4301,0.1984,0.2039,0.1131,1.3953,0.2385,0.4089,3.0358,0.178,0.5872,10.2334,5.1079,1.3738,116.2371,62.2056,28.9419,31974.029,16578.7829,3974.1828,0.3409,0.0263,0.0324,1.6323,0.4213,0.6345,10.6167,0.5368,0.1129,40.9402,19.539,2.7876,154.2339,9.7846,6.0083,24472.4382,27689.7423,4444.927,1.6584,0.1667,0.3563,0.7548,0.3719,0.8518,2.7703,0.8444,0.5092,67.2966,19.3129,1.3629,181.7975,34.4703,16.1991,43492.029,13348.1005,1294.2982,1.4353,0.1557,0.0345,1.3471,0.301,0.3811,4.6511,3.7409,0.7504,21.5521,6.4009,3.0296,229.4345,71.4209,3.6293,0.0009,78.4418,0.0004,0.9621,0.904,0.3076,15.5715,2.4275,2.1957,21.3417,10.9371,4.4086,93.2325,27.1949,18.3223,412.2248,563.3157,124.0732,90.1329,1838.9601,0.0011,1.1543,0.4131,0.7178,4.3727,5.3614,2.5992,2.2342,15.7003,7.9049,32.783,50.3236,12.3972,797.6776,203.3145,189.2546,0.0041,0.003,0.0019,1.8656,1.5513,1.347,6.7615,13.3215,3.1247,64.6601,18.2588,16.7549,150.4372,132.2227,79.8571,825.6332,615.7397,386.0431,0.0013,0.0041,0.0015,2.3822,1.5284,1.2218,17.3569,9.273,6.6529,31.8683,43.474,14.3942,218.6853,85.4696,41.4687,1000.7484,749.3732,643.982,0.012,0.0079,0.0033,3.4617,1.7731,2.1172,10.8774,9.0556,14.0563,59.5883,47.1647,23.919,298.4923,648.6095,106.1912,2040.2643,1095.8765,1061.1693,0.012,0.0041,singe_point_crossover_uniform
54,0.0,0.0,0.0,0.0,0.0,0.0,0.0,0.0,0.0,0.0,0.0,0.0,0.0,0.0,0.0,0.0002,0.0001,0.0,0.0,0.0,0.0,0.0,0.0,0.0,0.0,0.0,0.0,0.0,0.0001,0.0,0.0,0.0002,0.0,0.0002,0.0005,0.0,0.0,0.0,0.0,0.0,0.0,0.0,0.0,0.0,0.0,0.0,0.0,0.0,0.0,0.0,0.0,0.0002,0.0,0.0,0.0,0.0,0.0,0.0,0.0,0.0,0.0,0.0,0.0,0.0,0.0,0.0,0.0,0.0,0.0,0.0001,0.0001,0.0001,0.0,0.0,0.0,0.0,0.0,0.0,0.0,0.0,0.0,0.0,0.0,0.0,0.0,0.0001,0.0,0.0002,0.0001,0.0,0.0,0.0,0.0,0.0,0.0,0.0,0.0,0.0,0.0,0.0,0.0,0.0,0.0001,0.0,0.0,0.0004,0.0001,0.0,0.0,0.0,0.0,0.0,0.0,0.0,0.0,0.0,0.0,0.0,0.0,0.0,0.0,0.0,0.0001,0.0001,0.0001,0.0,0.0,0.0,0.0,0.0,0.0,0.0,0.0,0.0,0.0,0.0,0.0,0.0,0.0,0.0,0.0,0.0,0.0001,0.0,0.0,0.0,0.0,0.0,0.0,0.0,0.0,0.0,0.0,0.0,0.0,0.0,0.0,0.0,0.0,0.0,0.0,0.0,0.0,0.0,0.0,0.0,0.0,0.0,0.0,0.0,0.0,0.0,0.0,0.0,0.0,0.0,0.0,0.0,0.0,0.0,0.0,0.0,0.0,0.0,0.0,0.0,0.0,0.0,0.0,0.0,0.0,0.0,0.0,0.0,0.0,0.0001,0.0,0.0,0.0,0.0,Linear_combination_crossover_normal
55,0.0,0.0,0.0,0.0,0.0,0.0,0.0,0.0,0.0,0.0,0.0,0.0,0.0,0.0,0.0,0.0,0.0001,0.0,0.0,0.0,0.0,0.0,0.0,0.0,0.0,0.0,0.0,0.0,0.0,0.0,0.0,0.0,0.0,0.0,0.0,0.0001,0.0,0.0,0.0,0.0,0.0,0.0,0.0,0.0,0.0,0.0,0.0,0.0,0.0,0.0,0.0,0.0,0.0,0.0,0.0,0.0,0.0,0.0,0.0,0.0,0.0,0.0,0.0,0.0,0.0,0.0,0.0,0.0,0.0,0.0,0.0001,0.0,0.0,0.0,0.0,0.0,0.0,0.0,0.0,0.0,0.0,0.0,0.0,0.0,0.0,0.0,0.0,0.0,0.0,0.0,0.0,0.0,0.0,0.0,0.0,0.0,0.0,0.0,0.0,0.0,0.0,0.0,0.0,0.0,0.0,0.0,0.0,0.0001,0.0,0.0,0.0,0.0,0.0,0.0,0.0,0.0,0.0,0.0,0.0,0.0,0.0,0.0,0.0,0.0,0.0,0.0,0.0,0.0,0.0,0.0,0.0,0.0,0.0,0.0,0.0,0.0,0.0,0.0,0.0,0.0,0.0,0.0,0.0,0.0,0.0,0.0,0.0,0.0,0.0,0.0,0.0,0.0,0.0,0.0,0.0,0.0,0.0,0.0,0.0,0.0,0.0,0.0,0.0,0.0,0.0,0.0,0.0,0.0,0.0,0.0,0.0,0.0,0.0,0.0,0.0,0.0,0.0,0.0,0.0,0.0,0.0,0.0,0.0,0.0,0.0,0.0,0.0,0.0,0.0,0.0,0.0,0.0,0.0,0.0,0.0,0.0,0.0,0.0,0.0,0.0,Linear_combination_crossover_uniform
56,1498.5623,0.0,0.0,0.0,0.0,0.0,0.0,0.0,0.0001,0.0001,0.0001,0.0,0.0007,0.0004,0.0004,0.0031,0.0006,0.0021,0.0,0.0,0.0,0.0,0.0,0.0,0.0,0.0,0.0,0.0001,0.0,0.0001,0.0004,0.0002,0.0005,0.0046,0.0014,0.0007,0.0,0.0,0.0,0.0,0.0,0.0,0.0,0.0,0.0,0.0,0.0,0.0,0.0001,0.0003,0.0002,0.0007,0.0012,0.0005,0.0,0.0,0.0,0.0,0.0,0.0,0.0,0.0,0.0,0.0,0.0,0.0,0.0001,0.0,0.0003,0.0005,0.0016,0.0007,0.0,0.0,0.0,0.0,0.0,0.0,0.0,0.0,0.0,0.0,0.0,0.0,0.0001,0.0001,0.0,0.0002,0.0004,0.0011,0.0,0.0,0.0,0.0,0.0,0.0,0.0,0.0,0.0,0.0,0.0,0.0,0.0001,0.0002,0.0001,0.0004,0.0006,0.0009,0.0,0.0,0.0,0.0,0.0,0.0,0.0,0.0,0.0,0.0,0.0,0.0,0.0,0.0,0.0,0.0007,0.0003,0.0002,0.0,0.0,0.0,0.0,0.0,0.0,0.0,0.0,0.0,0.0,0.0,0.0,0.0,0.0,0.0001,0.0001,0.0001,0.0007,0.0,0.0,0.0,0.0,0.0,0.0,0.0,0.0,0.0,0.0,0.0,0.0,0.0,0.0,0.0001,0.0,0.0001,0.0003,0.0,0.0,0.0,0.0,0.0,0.0,0.0,0.0,0.0,0.0,0.0,0.0,0.0,0.0,0.0,0.0002,0.0001,0.0001,0.0,0.0,0.0,0.0,0.0,0.0,0.0,0.0,0.0,0.0,0.0,0.0,0.0001,0.0,0.0001,0.0001,0.0003,0.0003,0.0,0.0,Probabilistic_crossover_normal
57,16100.7862,10905.7136,26667.1485,0.0,0.0,0.0,0.0,0.0,0.0,0.0,0.0,0.0,0.0,0.0001,0.0,0.0002,0.0003,0.0002,3413.5603,0.0,9851.5165,0.0,0.0,0.0,0.0,0.0,0.0,0.0,0.0,0.0,0.0001,0.0,0.0001,0.0001,0.0003,0.0008,0.0,0.0,0.0,0.0,0.0,0.0,0.0,0.0,0.0,0.0,0.0,0.0,0.0,0.0,0.0,0.0,0.0001,0.0,0.0,0.0,0.0,0.0,0.0,0.0,0.0,0.0,0.0,0.0,0.0,0.0,0.0,0.0,0.0,0.0,0.0001,0.0001,0.0,0.0,0.0,0.0,0.0,0.0,0.0,0.0,0.0,0.0,0.0,0.0,0.0,0.0,0.0,0.0,0.0001,0.0,0.0,0.0,0.0,0.0,0.0,0.0,0.0,0.0,0.0,0.0,0.0,0.0,0.0,0.0,0.0,0.0001,0.0002,0.0002,0.0,0.0,0.0,0.0,0.0,0.0,0.0,0.0,0.0,0.0,0.0,0.0,0.0,0.0,0.0,0.0,0.0,0.0,0.0,0.0,0.0,0.0,0.0,0.0,0.0,0.0,0.0,0.0,0.0,0.0,0.0,0.0,0.0,0.0,0.0,0.0,0.0,0.0,0.0,0.0,0.0,0.0,0.0,0.0,0.0,0.0,0.0,0.0,0.0,0.0,0.0,0.0,0.0,0.0,0.0,0.0,0.0,0.0,0.0,0.0,0.0,0.0,0.0,0.0,0.0,0.0,0.0,0.0,0.0,0.0,0.0,0.0,0.0,0.0,0.0,0.0,0.0,0.0,0.0,0.0,0.0,0.0,0.0,0.0,0.0,0.0,0.0,0.0,0.0,0.0,0.0,0.0,Probabilistic_crossover_uniform
58,5056.3714,0.0016,0.0001,1.1456,1.5166,0.3115,13.6456,5.6434,2.1096,161.2939,3.5029,0.8579,31.8643,52.0323,12.9957,1300.413,125.4613,126.269,9617.7513,18844.7851,5329.0259,0.6965,0.683,0.0972,4.2595,3.1046,1.2552,23.818,2.399,9.436,59.6221,39.8993,25.9044,1026.3628,85.5345,19.4266,0.0336,13340.124,9104.5044,1.953,0.3159,0.298,13.8534,11.5805,3.9378,35.4753,11.3557,4.1397,82.187,87.1813,43.8009,502.5227,372.5293,295.8388,20811.7364,0.0011,0.0009,6.8856,0.9916,0.6261,35.3662,1.8553,2.0185,30.5307,5.3451,2.3903,500.1829,19.3392,27.3332,2486.8235,820.7851,595.3764,0.012,0.0016,0.001,0.9624,0.1984,0.7813,1.8142,8.9645,7.7157,228.3321,19.4084,20.1067,800.7296,21.954,16.1477,1492.0149,863.7868,279.8764,65459.6739,0.0022,0.0002,109.0186,4.2059,0.3865,12.7259,25.5749,3.0249,25.1117,35.1272,2.664,670.5741,84.5045,17.433,5084.6739,773.3958,73.246,35136.8506,0.0636,0.0075,1464.6097,42.3925,17.1654,136.8185,92.396,109.2088,21928.6069,15942.4419,261.165,1369.0275,216.0445,598.012,153265.5586,2230.8601,907.0922,10974.3216,653.3345,0.0051,21239.014,6.4652,6.1812,141.6271,797.4123,24.8299,12966.6314,143.499,133.0554,917.7185,2508.6624,817.1385,1392.4022,3935.3878,1930.5082,213549.6409,76133.2266,376.8793,215633.0631,1038.9765,31.4497,3242.0995,14414.0376,13919.0339,115926.2135,193431.3922,1851.4265,77419.813,4287.5018,13549.2172,30800.0782,78195.8624,61890.9762,193159.437,72743.7668,24.4625,26867.4804,106179.6969,56339.8328,9777.436,9251.0465,2065.0464,27093.6322,3680.8049,687.086,3524.7886,5360.1936,6588.2259,56167.1594,142736.8841,189629.8999,204689.0209,50042.3401,301057.1754,106378.4461,91827.1813,81121.0193,208988.2271,16808.0586,13777.6621,23132.0426,114425.9383,3826.3712,54349.0627,70317.0539,30058.5301,281042.58,319324.3881,141149.7206,96535.4354,31029.4733,singe_point_crossover_normal
59,5482.5732,79585.4952,147751.6617,0.2436,0.0343,0.0193,0.2492,0.4072,0.093,3.0731,2.6273,0.5291,5.9542,3.2975,2.9718,29.9222,5.5425,10.3554,6740.5195,18073.0611,18536.4389,0.1236,0.0326,0.044,1.5321,0.1116,0.093,1.0162,0.4244,1.2621,3.6821,3.9176,0.3147,185.8877,4.6763,4.7088,8887.4409,117.9931,171.744,0.0574,0.0611,0.0093,3.8658,0.1838,0.2898,0.6864,0.1521,0.4742,16.4756,2.0237,2.0562,21.246,51.3296,28.9853,25816.2536,8026.0189,8843.6731,0.1001,0.0734,0.0354,1.2162,0.3582,0.1088,8.888,0.5916,1.2357,17.8347,6.0508,0.5254,132.5705,15.8276,4.5097,50341.3658,2175.242,25866.7519,0.0865,0.1978,0.1793,1.0123,1.1466,0.5008,11.2547,1.8039,0.9317,62.797,12.0069,2.9735,172.0897,54.8146,11.1522,12104.0932,3934.4981,590.0998,0.3384,0.1379,0.1012,0.9021,1.2553,0.0607,3.5011,2.1177,0.3537,19.9754,2.9789,2.7244,40.8745,47.8299,34.1593,0.0007,0.0012,0.0003,1.0516,0.5353,0.3304,2.7269,3.2422,4.0697,13.6525,6.7478,1.2636,108.1465,55.6829,37.8212,260.5029,75.4914,85.9435,0.0025,0.001,0.0004,1.6127,0.8498,0.3737,12.0759,2.1048,2.8886,16.8642,7.9789,6.714,109.4226,65.4113,7.157,690.9816,76.0778,53.9447,0.0102,0.0024,0.0016,3.0808,0.7916,1.2765,11.6746,7.408,5.1571,28.1855,17.5193,9.7151,268.1085,212.823,47.0222,1059.3095,815.3023,631.1446,0.0076,0.0014,0.002,2.802,1.109,1.7299,12.4015,5.7825,5.6165,19.8253,24.3701,8.9113,116.7043,133.8063,64.8976,1468.3258,500.8166,408.1157,0.0073,0.0067,0.0039,4.1544,3.5839,4.389,7.6588,20.4613,9.9714,60.2358,26.7337,19.7636,168.0466,168.1363,180.4054,338.2491,1313.1712,1371.1958,0.0098,0.0092,singe_point_crossover_uniform
sum,1060926.1129,1236500.3080000002,1018834.8962000001,77.3039,6.741,4.2724,161.7184,69.2838,26.285199999999993,642.0956999999999,121.10820000000002,42.95980000000001,2800.466700000001,529.8165999999998,268.8484,10339.089200000004,1719.1891999999993,1351.8174999999997,737769.4576,653868.0482000001,531051.8193,12.204899999999997,3.5208,3.4086000000000003,59.518399999999986,27.297100000000004,8.4553,530.1907000000001,69.02800000000002,32.3103,774.1217000000001,557.6740999999998,226.48179999999994,13040.5326,1508.5784,1166.3946000000005,309529.9942,411754.56070000003,142816.2082,72.8613,14.232299999999999,3.9416,357.7514,106.0198,183.08890000000002,912.3134,201.7448,55.23879999999999,8107.1807,1383.8328999999992,687.9718999999997,33563.7736,6838.2319000000025,2983.6523999999995,427918.99849999987,260546.73259999996,93788.0842,74.603,20.17,6.1713000000000005,736.8153,88.10759999999999,47.29960000000001,802.5591000000002,203.51760000000004,66.0655,3892.3747000000008,1151.1949999999997,331.41519999999997,30493.7072,10575.4205,2031.9517,364801.5560999999,108323.0159,99393.526,48.51210000000001,92.5013,10.479999999999999,8528.548700000001,1033.6491,46.8267,2072.5365,525.7180999999999,118.57370000000003,7827.098200000001,2028.3645999999999,1083.7527999999998,37254.865900000004,13443.530799999999,4978.042900000002,432990.731,92829.8265,56572.134699999995,172.0456,29.837600000000002,9.721100000000002,228.4325,90.85090000000001,31.037699999999994,1005.9945000000001,292.23150000000004,73.5308,5944.314700000003,1005.2430999999997,374.2631,31873.145299999993,10362.5948,2622.9165,483843.15869999997,11593.741399999997,0.08430000000000001,132849.8029,426.59680000000003,124.26780000000001,104422.36189999999,4594.347399999999,555.8,71696.91819999999,23011.3319,1672.5500000000002,216832.894,29136.9961,4517.722900000001,609884.3754,71638.645,48969.92450000001,356925.9121,2492.7852000000003,0.16820000000000002,151525.8423,345.4993,107.86510000000001,21354.597,2493.0746,343.0217,49530.5533,6793.8913,1150.8293999999999,92783.88170000001,34610.099599999994,6905.0191,390952.83680000005,126160.8658,29530.519599999996,993289.3101,976058.8578,159014.94840000002,972854.7473999999,372373.7150999999,58694.464299999985,630122.5256,200611.6011,78548.1103,575806.7825000001,560329.0252,23727.8066,1020592.7272999999,204904.10290000003,72724.2225,912838.3601999999,699994.7362,327297.0258,1034102.0116999999,553047.992,79950.30219999999,1035536.7542000001,255551.2953,64448.0548,509525.58579999994,287737.06489999994,34063.7384,437716.5166,81940.3971,9393.0057,677722.9282999998,334207.26009999996,118399.67950000001,1348807.5002999997,588714.2503,364707.5226,1742397.9244000001,1344936.9601000003,1208096.3324,1040951.4359999999,1088823.0859999997,608633.8261,1775860.9255000004,1165910.5276000001,640833.9647,899240.6403,1046481.8356999999,686945.8675,946286.3420999999,1147106.1269999999,503574.0363,2482301.5748,2390882.6444000006,861080.3363999998,1244127.7938,867087.3617000001,
